id,SFN200904070
version,2
info,visteam,MIL
info,hometeam,SFN
info,site,SFO03
info,date,2009/04/07
info,number,0
info,starttime,1:29PM
info,daynight,day
info,usedh,false
info,umphome,demud901
info,ump1b,danlk901
info,ump2b,eddid901
info,ump3b,wendh902
info,howscored,park
info,pitches,pitches
info,temp,58
info,winddir,tocf
info,windspeed,14
info,fieldcond,unknown
info,precip,unknown
info,sky,overcast
info,timeofgame,202
info,attendance,42767
info,wp,martj004
info,lp,suppj001
info,save,
id,SFN200904080
version,2
info,visteam,MIL
info,hometeam,SFN
info,site,SFO03
info,date,2009/04/08
info,number,0
info,starttime,7:19PM
info,daynight,night
info,usedh,false
info,umphome,danlk901
info,ump1b,eddid901
info,ump2b,wendh902
info,ump3b,demud901
info,howscored,park
info,pitches,pitches
info,temp,55
info,winddir,torf
info,windspeed,10
info,fieldcond,unknown
info,precip,unknown
info,sky,cloudy
info,timeofgame,168
info,attendance,40764
info,wp,gally001
info,lp,johnr005
info,save,villc001
id,SFN200904090
version,2
info,visteam,MIL
info,hometeam,SFN
info,site,SFO03
info,date,2009/04/09
info,number,0
info,starttime,4:05PM
info,daynight,day
info,usedh,false
info,umphome,eddid901
info,ump1b,wendh902
info,ump2b,demud901
info,ump3b,danlk901
info,howscored,park
info,pitches,pitches
info,temp,55
info,winddir,rtol
info,windspeed,10
info,fieldcond,unknown
info,precip,unknown
info,sky,unknown
info,timeofgame,161
info,attendance,30027
info,wp,cainm001
info,lp,parrm001
info,save,
id,SFN200904170
version,2
info,visteam,ARI
info,hometeam,SFN
info,site,SFO03
info,date,2009/04/17
info,number,0
info,starttime,7:14PM
info,daynight,night
info,usedh,false
info,umphome,hudsm901
info,ump1b,hirsj901
info,ump2b,bellw901
info,ump3b,fostm901
info,howscored,park
info,pitches,pitches
info,temp,54
info,winddir,torf
info,windspeed,23
info,fieldcond,unknown
info,precip,unknown
info,sky,sunny
info,timeofgame,163
info,attendance,34898
info,wp,sancj002
info,lp,hared001
info,save,wilsb001
id,SFN200904180
version,2
info,visteam,ARI
info,hometeam,SFN
info,site,SFO03
info,date,2009/04/18
info,number,0
info,starttime,1:06PM
info,daynight,day
info,usedh,false
info,umphome,hirsj901
info,ump1b,bellw901
info,ump2b,fostm901
info,ump3b,hudsm901
info,howscored,park
info,pitches,pitches
info,temp,66
info,winddir,tocf
info,windspeed,6
info,fieldcond,unknown
info,precip,unknown
info,sky,sunny
info,timeofgame,160
info,attendance,37409
info,wp,david002
info,lp,affej001
info,save,qualc001
id,SFN200904190
version,2
info,visteam,ARI
info,hometeam,SFN
info,site,SFO03
info,date,2009/04/19
info,number,0
info,starttime,1:05PM
info,daynight,day
info,usedh,false
info,umphome,bellw901
info,ump1b,fostm901
info,ump2b,hudsm901
info,ump3b,hirsj901
info,howscored,park
info,pitches,pitches
info,temp,73
info,winddir,torf
info,windspeed,7
info,fieldcond,unknown
info,precip,unknown
info,sky,sunny
info,timeofgame,158
info,attendance,35350
info,wp,johnr005
info,lp,schem001
info,save,wilsb001
id,SFN200904210
version,2
info,visteam,SDN
info,hometeam,SFN
info,site,SFO03
info,date,2009/04/21
info,number,0
info,starttime,7:15PM
info,daynight,night
info,usedh,false
info,umphome,nelsj901
info,ump1b,carlm901
info,ump2b,tscht901
info,ump3b,davib902
info,howscored,park
info,pitches,pitches
info,temp,77
info,winddir,tocf
info,windspeed,8
info,fieldcond,unknown
info,precip,unknown
info,sky,sunny
info,timeofgame,171
info,attendance,39314
info,wp,cainm001
info,lp,peavj001
info,save,
id,SFN200904220
version,2
info,visteam,SDN
info,hometeam,SFN
info,site,SFO03
info,date,2009/04/22
info,number,0
info,starttime,12:45PM
info,daynight,day
info,usedh,false
info,umphome,carlm901
info,ump1b,tscht901
info,ump2b,davib902
info,ump3b,nelsj901
info,howscored,park
info,pitches,pitches
info,temp,73
info,winddir,torf
info,windspeed,9
info,fieldcond,unknown
info,precip,unknown
info,sky,sunny
info,timeofgame,164
info,attendance,26593
info,wp,wilsb001
info,lp,moree001
info,save,
id,SFN200904270
version,2
info,visteam,LAN
info,hometeam,SFN
info,site,SFO03
info,date,2009/04/27
info,number,0
info,starttime,7:15PM
info,daynight,night
info,usedh,false
info,umphome,gibsg901
info,ump1b,fleta901
info,ump2b,mcclt901
info,ump3b,barrt901
info,howscored,park
info,pitches,pitches
info,temp,52
info,winddir,tocf
info,windspeed,20
info,fieldcond,unknown
info,precip,unknown
info,sky,cloudy
info,timeofgame,162
info,attendance,30091
info,wp,valdm003
info,lp,belir001
info,save,wilsb001
id,SFN200904280
version,2
info,visteam,LAN
info,hometeam,SFN
info,site,SFO03
info,date,2009/04/28
info,number,0
info,starttime,7:14PM
info,daynight,night
info,usedh,false
info,umphome,fleta901
info,ump1b,mcclt901
info,ump2b,barrt901
info,ump3b,gibsg901
info,howscored,park
info,pitches,pitches
info,temp,56
info,winddir,tocf
info,windspeed,17
info,fieldcond,unknown
info,precip,unknown
info,sky,sunny
info,timeofgame,211
info,attendance,30482
info,wp,broxj001
info,lp,howrb001
info,save,ohmaw001
id,SFN200904290
version,2
info,visteam,LAN
info,hometeam,SFN
info,site,SFO03
info,date,2009/04/29
info,number,0
info,starttime,7:15PM
info,daynight,night
info,usedh,false
info,umphome,mcclt901
info,ump1b,barrt901
info,ump2b,gibsg901
info,ump3b,fleta901
info,howscored,park
info,pitches,pitches
info,temp,57
info,winddir,tocf
info,windspeed,18
info,fieldcond,unknown
info,precip,unknown
info,sky,cloudy
info,timeofgame,178
info,attendance,37717
info,wp,linct001
info,lp,stule002
info,save,wilsb001
id,SFN200905010
version,2
info,visteam,COL
info,hometeam,SFN
info,site,SFO03
info,date,2009/05/01
info,number,0
info,starttime,7:17PM
info,daynight,night
info,usedh,false
info,umphome,emmep901
info,ump1b,hohnb901
info,ump2b,mosec901
info,ump3b,drecb901
info,howscored,park
info,pitches,pitches
info,temp,62
info,winddir,rtol
info,windspeed,7
info,fieldcond,unknown
info,precip,unknown
info,sky,overcast
info,timeofgame,160
info,attendance,30791
info,wp,johnr005
info,lp,jimeu001
info,save,wilsb001
id,SFN200905020
version,2
info,visteam,COL
info,hometeam,SFN
info,site,SFO03
info,date,2009/05/02
info,number,0
info,starttime,1:05PM
info,daynight,day
info,usedh,false
info,umphome,hohnb901
info,ump1b,mosec901
info,ump2b,drecb901
info,ump3b,emmep901
info,howscored,park
info,pitches,pitches
info,temp,54
info,winddir,rtol
info,windspeed,13
info,fieldcond,unknown
info,precip,unknown
info,sky,overcast
info,timeofgame,146
info,attendance,30166
info,wp,marqj001
info,lp,cainm001
info,save,
id,SFN200905030
version,2
info,visteam,COL
info,hometeam,SFN
info,site,SFO03
info,date,2009/05/03
info,number,0
info,starttime,1:05PM
info,daynight,day
info,usedh,false
info,umphome,mosec901
info,ump1b,drecb901
info,ump2b,emmep901
info,ump3b,hohnb901
info,howscored,park
info,pitches,pitches
info,temp,63
info,winddir,tolf
info,windspeed,12
info,fieldcond,unknown
info,precip,unknown
info,sky,overcast
info,timeofgame,166
info,attendance,30650
info,wp,meddb001
info,lp,corpm001
info,save,
id,SFN200905110
version,2
info,visteam,WAS
info,hometeam,SFN
info,site,SFO03
info,date,2009/05/11
info,number,0
info,starttime,7:14PM
info,daynight,night
info,usedh,false
info,umphome,wegnm901
info,ump1b,timmt901
info,ump2b,davig901
info,ump3b,kellj901
info,howscored,park
info,pitches,pitches
info,temp,57
info,winddir,tocf
info,windspeed,16
info,fieldcond,unknown
info,precip,unknown
info,sky,sunny
info,timeofgame,190
info,attendance,23934
info,wp,johnr005
info,lp,cabrd001
info,save,wilsb001
id,SFN200905120
version,2
info,visteam,WAS
info,hometeam,SFN
info,site,SFO03
info,date,2009/05/12
info,number,0
info,starttime,7:15PM
info,daynight,night
info,usedh,false
info,umphome,timmt901
info,ump1b,davig901
info,ump2b,kellj901
info,ump3b,wegnm901
info,howscored,park
info,pitches,pitches
info,temp,58
info,winddir,tocf
info,windspeed,13
info,fieldcond,unknown
info,precip,unknown
info,sky,sunny
info,timeofgame,171
info,attendance,25701
info,wp,meddb001
info,lp,beimj001
info,save,
id,SFN200905130
version,2
info,visteam,WAS
info,hometeam,SFN
info,site,SFO03
info,date,2009/05/13
info,number,0
info,starttime,12:45PM
info,daynight,day
info,usedh,false
info,umphome,davig901
info,ump1b,kellj901
info,ump2b,wegnm901
info,ump3b,timmt901
info,howscored,park
info,pitches,pitches
info,temp,66
info,winddir,tocf
info,windspeed,10
info,fieldcond,unknown
info,precip,unknown
info,sky,cloudy
info,timeofgame,181
info,attendance,30120
info,wp,marts001
info,lp,zitob001
info,save,wellk001
id,SFN200905140
version,2
info,visteam,NYN
info,hometeam,SFN
info,site,SFO03
info,date,2009/05/14
info,number,0
info,starttime,7:14PM
info,daynight,night
info,usedh,false
info,umphome,demud901
info,ump1b,eddid901
info,ump2b,wendh902
info,ump3b,knigb901
info,howscored,park
info,pitches,pitches
info,temp,61
info,winddir,tocf
info,windspeed,16
info,fieldcond,unknown
info,precip,unknown
info,sky,sunny
info,timeofgame,191
info,attendance,30154
info,wp,parnb001
info,lp,wilsb001
info,save,rodrf003
id,SFN200905150
version,2
info,visteam,NYN
info,hometeam,SFN
info,site,SFO03
info,date,2009/05/15
info,number,0
info,starttime,7:15PM
info,daynight,night
info,usedh,false
info,umphome,eddid901
info,ump1b,wendh902
info,ump2b,knigb901
info,ump3b,demud901
info,howscored,park
info,pitches,pitches
info,temp,60
info,winddir,torf
info,windspeed,17
info,fieldcond,unknown
info,precip,unknown
info,sky,sunny
info,timeofgame,180
info,attendance,41684
info,wp,stokb001
info,lp,wilsb001
info,save,rodrf003
id,SFN200905160
version,2
info,visteam,NYN
info,hometeam,SFN
info,site,SFO03
info,date,2009/05/16
info,number,0
info,starttime,1:10PM
info,daynight,day
info,usedh,false
info,umphome,wendh902
info,ump1b,knigb901
info,ump2b,demud901
info,ump3b,eddid901
info,howscored,park
info,pitches,pitches
info,temp,72
info,winddir,torf
info,windspeed,5
info,fieldcond,unknown
info,precip,unknown
info,sky,sunny
info,timeofgame,191
info,attendance,41336
info,wp,santj003
info,lp,johnr005
info,save,putzj001
id,SFN200905170
version,2
info,visteam,NYN
info,hometeam,SFN
info,site,SFO03
info,date,2009/05/17
info,number,0
info,starttime,5:09PM
info,daynight,night
info,usedh,false
info,umphome,knigb901
info,ump1b,demud901
info,ump2b,eddid901
info,ump3b,wendh902
info,howscored,park
info,pitches,pitches
info,temp,76
info,winddir,torf
info,windspeed,11
info,fieldcond,unknown
info,precip,unknown
info,sky,sunny
info,timeofgame,164
info,attendance,43012
info,wp,cainm001
info,lp,pelfm001
info,save,wilsb001
id,SFN200905250
version,2
info,visteam,ATL
info,hometeam,SFN
info,site,SFO03
info,date,2009/05/25
info,number,0
info,starttime,1:05PM
info,daynight,day
info,usedh,false
info,umphome,mealj901
info,ump1b,dimum901
info,ump2b,millb901
info,ump3b,scotd901
info,howscored,park
info,pitches,pitches
info,temp,61
info,winddir,tolf
info,windspeed,11
info,fieldcond,unknown
info,precip,unknown
info,sky,sunny
info,timeofgame,184
info,attendance,40034
info,wp,sancj002
info,lp,vazqj001
info,save,
id,SFN200905260
version,2
info,visteam,ATL
info,hometeam,SFN
info,site,SFO03
info,date,2009/05/26
info,number,0
info,starttime,7:15PM
info,daynight,night
info,usedh,false
info,umphome,dimum901
info,ump1b,millb901
info,ump2b,scotd901
info,ump3b,mealj901
info,howscored,park
info,pitches,pitches
info,temp,67
info,winddir,torf
info,windspeed,12
info,fieldcond,unknown
info,precip,unknown
info,sky,sunny
info,timeofgame,128
info,attendance,29485
info,wp,linct001
info,lp,medlk001
info,save,
id,SFN200905270
version,2
info,visteam,ATL
info,hometeam,SFN
info,site,SFO03
info,date,2009/05/27
info,number,0
info,starttime,7:15PM
info,daynight,night
info,usedh,false
info,umphome,millb901
info,ump1b,scotd901
info,ump2b,mealj901
info,ump3b,dimum901
info,howscored,park
info,pitches,pitches
info,temp,62
info,winddir,torf
info,windspeed,11
info,fieldcond,unknown
info,precip,unknown
info,sky,sunny
info,timeofgame,179
info,attendance,27744
info,wp,johnr005
info,lp,kawak001
info,save,wilsb001
id,SFN200905290
version,2
info,visteam,SLN
info,hometeam,SFN
info,site,SFO03
info,date,2009/05/29
info,number,0
info,starttime,7:15PM
info,daynight,night
info,usedh,false
info,umphome,diazl901
info,ump1b,coope901
info,ump2b,reilm901
info,ump3b,meric901
info,howscored,park
info,pitches,pitches
info,temp,60
info,winddir,torf
info,windspeed,9
info,fieldcond,unknown
info,precip,unknown
info,sky,cloudy
info,timeofgame,157
info,attendance,35266
info,wp,cainm001
info,lp,pinej001
info,save,wilsb001
id,SFN200905300
version,2
info,visteam,SLN
info,hometeam,SFN
info,site,SFO03
info,date,2009/05/30
info,number,0
info,starttime,6:05PM
info,daynight,night
info,usedh,false
info,umphome,coope901
info,ump1b,reilm901
info,ump2b,meric901
info,ump3b,diazl901
info,howscored,park
info,pitches,pitches
info,temp,58
info,winddir,torf
info,windspeed,20
info,fieldcond,unknown
info,precip,unknown
info,sky,unknown
info,timeofgame,165
info,attendance,35592
info,wp,carpc002
info,lp,zitob001
info,save,
id,SFN200905310
version,2
info,visteam,SLN
info,hometeam,SFN
info,site,SFO03
info,date,2009/05/31
info,number,0
info,starttime,1:05PM
info,daynight,day
info,usedh,false
info,umphome,reilm901
info,ump1b,meric901
info,ump2b,diazl901
info,ump3b,coope901
info,howscored,park
info,pitches,pitches
info,temp,59
info,winddir,tocf
info,windspeed,13
info,fieldcond,unknown
info,precip,unknown
info,sky,overcast
info,timeofgame,172
info,attendance,41440
info,wp,valdm003
info,lp,waina001
info,save,wilsb001
id,SFN200906120
version,2
info,visteam,OAK
info,hometeam,SFN
info,site,SFO03
info,date,2009/06/12
info,number,0
info,starttime,7:15PM
info,daynight,night
info,usedh,false
info,umphome,campa902
info,ump1b,welkb901
info,ump2b,reybd901
info,ump3b,welkt901
info,howscored,park
info,pitches,pitches
info,temp,62
info,winddir,tocf
info,windspeed,14
info,fieldcond,unknown
info,precip,unknown
info,sky,cloudy
info,timeofgame,122
info,attendance,36035
info,wp,linct001
info,lp,mazzv001
info,save,
id,SFN200906130
version,2
info,visteam,OAK
info,hometeam,SFN
info,site,SFO03
info,date,2009/06/13
info,number,0
info,starttime,7:10PM
info,daynight,night
info,usedh,false
info,umphome,welkb901
info,ump1b,reybd901
info,ump2b,welkt901
info,ump3b,campa902
info,howscored,park
info,pitches,pitches
info,temp,66
info,winddir,tocf
info,windspeed,15
info,fieldcond,unknown
info,precip,unknown
info,sky,sunny
info,timeofgame,141
info,attendance,37874
info,wp,johnr005
info,lp,outmj001
info,save,wilsb001
id,SFN200906140
version,2
info,visteam,OAK
info,hometeam,SFN
info,site,SFO03
info,date,2009/06/14
info,number,0
info,starttime,1:06PM
info,daynight,day
info,usedh,false
info,umphome,reybd901
info,ump1b,welkt901
info,ump2b,campa902
info,ump3b,welkb901
info,howscored,park
info,pitches,pitches
info,temp,70
info,winddir,tocf
info,windspeed,11
info,fieldcond,unknown
info,precip,unknown
info,sky,cloudy
info,timeofgame,129
info,attendance,37728
info,wp,cainm001
info,lp,andeb004
info,save,
id,SFN200906150
version,2
info,visteam,ANA
info,hometeam,SFN
info,site,SFO03
info,date,2009/06/15
info,number,0
info,starttime,7:15PM
info,daynight,night
info,usedh,false
info,umphome,wendh902
info,ump1b,knigb901
info,ump2b,demud901
info,ump3b,ticht901
info,howscored,park
info,pitches,pitches
info,temp,64
info,winddir,torf
info,windspeed,12
info,fieldcond,unknown
info,precip,unknown
info,sky,unknown
info,timeofgame,163
info,attendance,33613
info,wp,lackj001
info,lp,zitob001
info,save,fuenb001
id,SFN200906160
version,2
info,visteam,ANA
info,hometeam,SFN
info,site,SFO03
info,date,2009/06/16
info,number,0
info,starttime,7:15PM
info,daynight,night
info,usedh,false
info,umphome,knigb901
info,ump1b,demud901
info,ump2b,ticht901
info,ump3b,wendh902
info,howscored,park
info,pitches,pitches
info,temp,63
info,winddir,tocf
info,windspeed,14
info,fieldcond,unknown
info,precip,unknown
info,sky,unknown
info,timeofgame,164
info,attendance,34716
info,wp,osuls001
info,lp,sancj002
info,save,
id,SFN200906170
version,2
info,visteam,ANA
info,hometeam,SFN
info,site,SFO03
info,date,2009/06/17
info,number,0
info,starttime,12:45PM
info,daynight,day
info,usedh,false
info,umphome,demud901
info,ump1b,ticht901
info,ump2b,wendh902
info,ump3b,knigb901
info,howscored,park
info,pitches,pitches
info,temp,65
info,winddir,tocf
info,windspeed,9
info,fieldcond,unknown
info,precip,unknown
info,sky,cloudy
info,timeofgame,154
info,attendance,37431
info,wp,jepsk001
info,lp,linct001
info,save,fuenb001
id,SFN200906190
version,2
info,visteam,TEX
info,hometeam,SFN
info,site,SFO03
info,date,2009/06/19
info,number,0
info,starttime,7:15PM
info,daynight,night
info,usedh,false
info,umphome,rungb901
info,ump1b,cousd901
info,ump2b,millb901
info,ump3b,campa902
info,howscored,park
info,pitches,pitches
info,temp,63
info,winddir,tocf
info,windspeed,17
info,fieldcond,unknown
info,precip,unknown
info,sky,sunny
info,timeofgame,183
info,attendance,31241
info,wp,romos001
info,lp,felds001
info,save,wilsb001
id,SFN200906200
version,2
info,visteam,TEX
info,hometeam,SFN
info,site,SFO03
info,date,2009/06/20
info,number,0
info,starttime,6:34PM
info,daynight,night
info,usedh,false
info,umphome,cousd901
info,ump1b,millb901
info,ump2b,campa902
info,ump3b,rungb901
info,howscored,park
info,pitches,pitches
info,temp,61
info,winddir,tocf
info,windspeed,25
info,fieldcond,unknown
info,precip,unknown
info,sky,cloudy
info,timeofgame,183
info,attendance,33312
info,wp,romos001
info,lp,jennj001
info,save,
id,SFN200906210
version,2
info,visteam,TEX
info,hometeam,SFN
info,site,SFO03
info,date,2009/06/21
info,number,0
info,starttime,1:07PM
info,daynight,day
info,usedh,false
info,umphome,millb901
info,ump1b,campa902
info,ump2b,rungb901
info,ump3b,cousd901
info,howscored,park
info,pitches,pitches
info,temp,68
info,winddir,tolf
info,windspeed,16
info,fieldcond,unknown
info,precip,unknown
info,sky,sunny
info,timeofgame,146
info,attendance,41292
info,wp,zitob001
info,lp,millk004
info,save,wilsb001
id,SFN200907030
version,2
info,visteam,HOU
info,hometeam,SFN
info,site,SFO03
info,date,2009/07/03
info,number,0
info,starttime,7:17PM
info,daynight,night
info,usedh,false
info,umphome,marsr901
info,ump1b,hudsm901
info,ump2b,barkl901
info,ump3b,herna901
info,howscored,park
info,pitches,pitches
info,temp,66
info,winddir,tocf
info,windspeed,11
info,fieldcond,unknown
info,precip,unknown
info,sky,sunny
info,timeofgame,144
info,attendance,42199
info,wp,sador001
info,lp,paulf001
info,save,
id,SFN200907040
version,2
info,visteam,HOU
info,hometeam,SFN
info,site,SFO03
info,date,2009/07/04
info,number,0
info,starttime,1:06PM
info,daynight,day
info,usedh,false
info,umphome,hudsm901
info,ump1b,barkl901
info,ump2b,herna901
info,ump3b,marsr901
info,howscored,park
info,pitches,pitches
info,temp,67
info,winddir,tocf
info,windspeed,11
info,fieldcond,unknown
info,precip,unknown
info,sky,sunny
info,timeofgame,154
info,attendance,34582
info,wp,linct001
info,lp,ortir001
info,save,
id,SFN200907050
version,2
info,visteam,HOU
info,hometeam,SFN
info,site,SFO03
info,date,2009/07/05
info,number,0
info,starttime,1:08PM
info,daynight,day
info,usedh,false
info,umphome,barkl901
info,ump1b,herna901
info,ump2b,marsr901
info,ump3b,hudsm901
info,howscored,park
info,pitches,pitches
info,temp,63
info,winddir,tolf
info,windspeed,14
info,fieldcond,unknown
info,precip,unknown
info,sky,cloudy
info,timeofgame,140
info,attendance,30157
info,wp,oswar001
info,lp,johnr005
info,save,
id,SFN200907060
version,2
info,visteam,FLO
info,hometeam,SFN
info,site,SFO03
info,date,2009/07/06
info,number,0
info,starttime,7:16PM
info,daynight,night
info,usedh,false
info,umphome,iassd901
info,ump1b,relic901
info,ump2b,vanol901
info,ump3b,holbs901
info,howscored,park
info,pitches,pitches
info,temp,63
info,winddir,tocf
info,windspeed,14
info,fieldcond,unknown
info,precip,unknown
info,sky,sunny
info,timeofgame,143
info,attendance,26995
info,wp,cainm001
info,lp,wests001
info,save,wilsb001
id,SFN200907070
version,2
info,visteam,FLO
info,hometeam,SFN
info,site,SFO03
info,date,2009/07/07
info,number,0
info,starttime,7:15PM
info,daynight,night
info,usedh,false
info,umphome,relic901
info,ump1b,vanol901
info,ump2b,holbs901
info,ump3b,iassd901
info,howscored,park
info,pitches,pitches
info,temp,62
info,winddir,tocf
info,windspeed,14
info,fieldcond,unknown
info,precip,unknown
info,sky,cloudy
info,timeofgame,125
info,attendance,27799
info,wp,zitob001
info,lp,johnj009
info,save,romos001
id,SFN200907080
version,2
info,visteam,FLO
info,hometeam,SFN
info,site,SFO03
info,date,2009/07/08
info,number,0
info,starttime,12:45PM
info,daynight,day
info,usedh,false
info,umphome,vanol901
info,ump1b,holbs901
info,ump2b,iassd901
info,ump3b,relic901
info,howscored,park
info,pitches,pitches
info,temp,72
info,winddir,tocf
info,windspeed,9
info,fieldcond,unknown
info,precip,unknown
info,sky,sunny
info,timeofgame,142
info,attendance,34157
info,wp,volsc001
info,lp,sador001
info,save,
id,SFN200907090
version,2
info,visteam,SDN
info,hometeam,SFN
info,site,SFO03
info,date,2009/07/09
info,number,0
info,starttime,7:16PM
info,daynight,night
info,usedh,false
info,umphome,cuzzp901
info,ump1b,rungb901
info,ump2b,hallt901
info,ump3b,campa902
info,howscored,park
info,pitches,pitches
info,temp,60
info,winddir,fromcf
info,windspeed,17
info,fieldcond,unknown
info,precip,unknown
info,sky,sunny
info,timeofgame,154
info,attendance,33508
info,wp,linct001
info,lp,geerj001
info,save,
id,SFN200907100
version,2
info,visteam,SDN
info,hometeam,SFN
info,site,SFO03
info,date,2009/07/10
info,number,0
info,starttime,7:16PM
info,daynight,night
info,usedh,false
info,umphome,rungb901
info,ump1b,hallt901
info,ump2b,campa902
info,ump3b,cuzzp901
info,howscored,park
info,pitches,pitches
info,temp,63
info,winddir,torf
info,windspeed,13
info,fieldcond,unknown
info,precip,unknown
info,sky,cloudy
info,timeofgame,142
info,attendance,30298
info,wp,sancj002
info,lp,bankj001
info,save,
id,SFN200907110
version,2
info,visteam,SDN
info,hometeam,SFN
info,site,SFO03
info,date,2009/07/11
info,number,0
info,starttime,6:06PM
info,daynight,night
info,usedh,false
info,umphome,hallt901
info,ump1b,campa902
info,ump2b,cuzzp901
info,ump3b,rungb901
info,howscored,park
info,pitches,pitches
info,temp,63
info,winddir,tocf
info,windspeed,19
info,fieldcond,unknown
info,precip,unknown
info,sky,unknown
info,timeofgame,150
info,attendance,38112
info,wp,millj002
info,lp,staut001
info,save,wilsb001
id,SFN200907120
version,2
info,visteam,SDN
info,hometeam,SFN
info,site,SFO03
info,date,2009/07/12
info,number,0
info,starttime,1:06PM
info,daynight,day
info,usedh,false
info,umphome,campa902
info,ump1b,cuzzp901
info,ump2b,rungb901
info,ump3b,hallt901
info,howscored,park
info,pitches,pitches
info,temp,66
info,winddir,tocf
info,windspeed,15
info,fieldcond,unknown
info,precip,unknown
info,sky,cloudy
info,timeofgame,170
info,attendance,41913
info,wp,corrk001
info,lp,zitob001
info,save,
id,SFN200907270
version,2
info,visteam,PIT
info,hometeam,SFN
info,site,SFO03
info,date,2009/07/27
info,number,0
info,starttime,7:17PM
info,daynight,night
info,usedh,false
info,umphome,dimum901
info,ump1b,kulpr901
info,ump2b,scotd901
info,ump3b,colod901
info,howscored,park
info,pitches,pitches
info,temp,63
info,winddir,tolf
info,windspeed,20
info,fieldcond,unknown
info,precip,unknown
info,sky,cloudy
info,timeofgame,126
info,attendance,40008
info,wp,linct001
info,lp,mahop002
info,save,
id,SFN200907280
version,2
info,visteam,PIT
info,hometeam,SFN
info,site,SFO03
info,date,2009/07/28
info,number,0
info,starttime,7:15PM
info,daynight,night
info,usedh,false
info,umphome,kulpr901
info,ump1b,scotd901
info,ump2b,colod901
info,ump3b,dimum901
info,howscored,park
info,pitches,pitches
info,temp,57
info,winddir,tocf
info,windspeed,14
info,fieldcond,unknown
info,precip,unknown
info,sky,unknown
info,timeofgame,181
info,attendance,35972
info,wp,romos001
info,lp,mortc002
info,save,wilsb001
id,SFN200907290
version,2
info,visteam,PIT
info,hometeam,SFN
info,site,SFO03
info,date,2009/07/29
info,number,0
info,starttime,12:44PM
info,daynight,day
info,usedh,false
info,umphome,scotd901
info,ump1b,colod901
info,ump2b,dimum901
info,ump3b,kulpr901
info,howscored,park
info,pitches,pitches
info,temp,68
info,winddir,tocf
info,windspeed,14
info,fieldcond,unknown
info,precip,unknown
info,sky,cloudy
info,timeofgame,152
info,attendance,37582
info,wp,wilsb001
info,lp,cappm001
info,save,
id,SFN200907300
version,2
info,visteam,PHI
info,hometeam,SFN
info,site,SFO03
info,date,2009/07/30
info,number,0
info,starttime,7:15PM
info,daynight,night
info,usedh,false
info,umphome,welkb901
info,ump1b,ticht901
info,ump2b,hoyej901
info,ump3b,scotd901
info,howscored,park
info,pitches,pitches
info,temp,61
info,winddir,tocf
info,windspeed,15
info,fieldcond,unknown
info,precip,unknown
info,sky,unknown
info,timeofgame,165
info,attendance,36603
info,wp,sancj002
info,lp,loper001
info,save,
id,SFN200907310
version,2
info,visteam,PHI
info,hometeam,SFN
info,site,SFO03
info,date,2009/07/31
info,number,0
info,starttime,7:15PM
info,daynight,night
info,usedh,false
info,umphome,ticht901
info,ump1b,hoyej901
info,ump2b,scotd901
info,ump3b,welkb901
info,howscored,park
info,pitches,pitches
info,temp,63
info,winddir,tocf
info,windspeed,12
info,fieldcond,unknown
info,precip,unknown
info,sky,cloudy
info,timeofgame,159
info,attendance,33934
info,wp,lee-c003
info,lp,sador001
info,save,
id,SFN200908010
version,2
info,visteam,PHI
info,hometeam,SFN
info,site,SFO03
info,date,2009/08/01
info,number,0
info,starttime,6:05PM
info,daynight,night
info,usedh,false
info,umphome,hoyej901
info,ump1b,scotd901
info,ump2b,welkb901
info,ump3b,ticht901
info,howscored,park
info,pitches,pitches
info,temp,58
info,winddir,fromrf
info,windspeed,20
info,fieldcond,unknown
info,precip,unknown
info,sky,cloudy
info,timeofgame,134
info,attendance,42694
info,wp,linct001
info,lp,blanj001
info,save,wilsb001
id,SFN200908020
version,2
info,visteam,PHI
info,hometeam,SFN
info,site,SFO03
info,date,2009/08/02
info,number,0
info,starttime,1:07PM
info,daynight,day
info,usedh,false
info,umphome,scotd901
info,ump1b,welkb901
info,ump2b,ticht901
info,ump3b,hoyej901
info,howscored,park
info,pitches,pitches
info,temp,66
info,winddir,torf
info,windspeed,8
info,fieldcond,unknown
info,precip,unknown
info,sky,cloudy
info,timeofgame,161
info,attendance,42744
info,wp,zitob001
info,lp,hamec001
info,save,
id,SFN200908070
version,2
info,visteam,CIN
info,hometeam,SFN
info,site,SFO03
info,date,2009/08/07
info,number,0
info,starttime,7:15PM
info,daynight,night
info,usedh,false
info,umphome,wintm901
info,ump1b,laynj901
info,ump2b,reybd901
info,ump3b,randt901
info,howscored,park
info,pitches,pitches
info,temp,66
info,winddir,tocf
info,windspeed,12
info,fieldcond,unknown
info,precip,unknown
info,sky,sunny
info,timeofgame,207
info,attendance,41744
info,wp,weatd001
info,lp,wilsb001
info,save,
id,SFN200908080
version,2
info,visteam,CIN
info,hometeam,SFN
info,site,SFO03
info,date,2009/08/08
info,number,0
info,starttime,1:05PM
info,daynight,day
info,usedh,false
info,umphome,laynj901
info,ump1b,reybd901
info,ump2b,randt901
info,ump3b,wintm901
info,howscored,park
info,pitches,pitches
info,temp,72
info,winddir,tolf
info,windspeed,10
info,fieldcond,unknown
info,precip,unknown
info,sky,sunny
info,timeofgame,164
info,attendance,37057
info,wp,zitob001
info,lp,arrob001
info,save,wilsb001
id,SFN200908090
version,2
info,visteam,CIN
info,hometeam,SFN
info,site,SFO03
info,date,2009/08/09
info,number,0
info,starttime,1:06PM
info,daynight,day
info,usedh,false
info,umphome,reybd901
info,ump1b,randt901
info,ump2b,wintm901
info,ump3b,laynj901
info,howscored,park
info,pitches,pitches
info,temp,76
info,winddir,torf
info,windspeed,12
info,fieldcond,unknown
info,precip,unknown
info,sky,sunny
info,timeofgame,150
info,attendance,36705
info,wp,haraa001
info,lp,cainm001
info,save,cordf002
id,SFN200908100
version,2
info,visteam,LAN
info,hometeam,SFN
info,site,SFO03
info,date,2009/08/10
info,number,0
info,starttime,7:15PM
info,daynight,night
info,usedh,false
info,umphome,ticht901
info,ump1b,hohnb901
info,ump2b,emmep901
info,ump3b,darlg901
info,howscored,park
info,pitches,pitches
info,temp,64
info,winddir,tocf
info,windspeed,17
info,fieldcond,unknown
info,precip,unknown
info,sky,sunny
info,timeofgame,184
info,attendance,40522
info,wp,kuroh001
info,lp,sancj002
info,save,broxj001
id,SFN200908110
version,2
info,visteam,LAN
info,hometeam,SFN
info,site,SFO03
info,date,2009/08/11
info,number,0
info,starttime,7:15PM
info,daynight,night
info,usedh,false
info,umphome,hohnb901
info,ump1b,emmep901
info,ump2b,darlg901
info,ump3b,ticht901
info,howscored,park
info,pitches,pitches
info,temp,58
info,winddir,torf
info,windspeed,13
info,fieldcond,unknown
info,precip,unknown
info,sky,cloudy
info,timeofgame,169
info,attendance,41167
info,wp,wolfr001
info,lp,martj004
info,save,
id,SFN200908120
version,2
info,visteam,LAN
info,hometeam,SFN
info,site,SFO03
info,date,2009/08/12
info,number,0
info,starttime,12:45PM
info,daynight,day
info,usedh,false
info,umphome,emmep901
info,ump1b,darlg901
info,ump2b,ticht901
info,ump3b,hohnb901
info,howscored,park
info,pitches,pitches
info,temp,70
info,winddir,unknown
info,windspeed,4
info,fieldcond,unknown
info,precip,unknown
info,sky,cloudy
info,timeofgame,208
info,attendance,43300
info,wp,wilsb001
info,lp,motag001
info,save,
id,SFN200908250
version,2
info,visteam,ARI
info,hometeam,SFN
info,site,SFO03
info,date,2009/08/25
info,number,0
info,starttime,7:16PM
info,daynight,night
info,usedh,false
info,umphome,gibsg901
info,ump1b,barrt901
info,ump2b,tillc901
info,ump3b,fleta901
info,howscored,park
info,pitches,pitches
info,temp,64
info,winddir,torf
info,windspeed,10
info,fieldcond,unknown
info,precip,unknown
info,sky,sunny
info,timeofgame,157
info,attendance,37492
info,wp,affej001
info,lp,raucj001
info,save,romos001
id,SFN200908260
version,2
info,visteam,ARI
info,hometeam,SFN
info,site,SFO03
info,date,2009/08/26
info,number,0
info,starttime,7:15PM
info,daynight,night
info,usedh,false
info,umphome,barrt901
info,ump1b,tillc901
info,ump2b,fleta901
info,ump3b,gibsg901
info,howscored,park
info,pitches,pitches
info,temp,64
info,winddir,torf
info,windspeed,15
info,fieldcond,unknown
info,precip,unknown
info,sky,sunny
info,timeofgame,138
info,attendance,27645
info,wp,millj002
info,lp,qualc001
info,save,meddb001
id,SFN200908270
version,2
info,visteam,ARI
info,hometeam,SFN
info,site,SFO03
info,date,2009/08/27
info,number,0
info,starttime,7:14PM
info,daynight,night
info,usedh,false
info,umphome,wintm901
info,ump1b,fostm901
info,ump2b,bellw901
info,ump3b,fairc901
info,howscored,park
info,pitches,pitches
info,temp,70
info,winddir,torf
info,windspeed,17
info,fieldcond,unknown
info,precip,unknown
info,sky,cloudy
info,timeofgame,175
info,attendance,28575
info,wp,petiy001
info,lp,martj004
info,save,
id,SFN200908280
version,2
info,visteam,COL
info,hometeam,SFN
info,site,SFO03
info,date,2009/08/28
info,number,0
info,starttime,7:15PM
info,daynight,night
info,usedh,false
info,umphome,fostm901
info,ump1b,bellw901
info,ump2b,fairc901
info,ump3b,wintm901
info,howscored,park
info,pitches,pitches
info,temp,75
info,winddir,torf
info,windspeed,3
info,fieldcond,unknown
info,precip,unknown
info,sky,unknown
info,timeofgame,143
info,attendance,39047
info,wp,linct001
info,lp,jimeu001
info,save,wilsb001
id,SFN200908290
version,2
info,visteam,COL
info,hometeam,SFN
info,site,SFO03
info,date,2009/08/29
info,number,0
info,starttime,6:05PM
info,daynight,night
info,usedh,false
info,umphome,bellw901
info,ump1b,fairc901
info,ump2b,wintm901
info,ump3b,fostm901
info,howscored,park
info,pitches,pitches
info,temp,75
info,winddir,tocf
info,windspeed,10
info,fieldcond,unknown
info,precip,unknown
info,sky,sunny
info,timeofgame,156
info,attendance,41200
info,wp,zitob001
info,lp,marqj001
info,save,wilsb001
id,SFN200908300
version,2
info,visteam,COL
info,hometeam,SFN
info,site,SFO03
info,date,2009/08/30
info,number,0
info,starttime,1:05PM
info,daynight,day
info,usedh,false
info,umphome,fairc901
info,ump1b,wintm901
info,ump2b,fostm901
info,ump3b,bellw901
info,howscored,park
info,pitches,pitches
info,temp,70
info,winddir,tocf
info,windspeed,14
info,fieldcond,unknown
info,precip,unknown
info,sky,cloudy
info,timeofgame,202
info,attendance,42571
info,wp,meddb001
info,lp,betar001
info,save,
id,SFN200909070
version,2
info,visteam,SDN
info,hometeam,SFN
info,site,SFO03
info,date,2009/09/07
info,number,0
info,starttime,1:07PM
info,daynight,day
info,usedh,false
info,umphome,welkb901
info,ump1b,hoyej901
info,ump2b,barrt901
info,ump3b,reynj901
info,howscored,park
info,pitches,pitches
info,temp,72
info,winddir,tocf
info,windspeed,15
info,fieldcond,unknown
info,precip,unknown
info,sky,sunny
info,timeofgame,175
info,attendance,37132
info,wp,pennb002
info,lp,richc002
info,save,
id,SFN200909080
version,2
info,visteam,SDN
info,hometeam,SFN
info,site,SFO03
info,date,2009/09/08
info,number,0
info,starttime,7:15PM
info,daynight,night
info,usedh,false
info,umphome,hoyej901
info,ump1b,barrt901
info,ump2b,reynj901
info,ump3b,welkb901
info,howscored,park
info,pitches,pitches
info,temp,65
info,winddir,torf
info,windspeed,10
info,fieldcond,unknown
info,precip,unknown
info,sky,sunny
info,timeofgame,177
info,attendance,34524
info,wp,gregl001
info,lp,affej001
info,save,bellh001
id,SFN200909090
version,2
info,visteam,SDN
info,hometeam,SFN
info,site,SFO03
info,date,2009/09/09
info,number,0
info,starttime,12:44PM
info,daynight,day
info,usedh,false
info,umphome,barrt901
info,ump1b,reynj901
info,ump2b,welkb901
info,ump3b,hoyej901
info,howscored,park
info,pitches,pitches
info,temp,74
info,winddir,fromcf
info,windspeed,9
info,fieldcond,unknown
info,precip,unknown
info,sky,sunny
info,timeofgame,168
info,attendance,30312
info,wp,leblw001
info,lp,zitob001
info,save,bellh001
id,SFN200909110
version,2
info,visteam,LAN
info,hometeam,SFN
info,site,SFO03
info,date,2009/09/11
info,number,0
info,starttime,7:14PM
info,daynight,night
info,usedh,false
info,umphome,gormb901
info,ump1b,iassd901
info,ump2b,vanol901
info,ump3b,holbs901
info,howscored,park
info,pitches,pitches
info,temp,69
info,winddir,tocf
info,windspeed,10
info,fieldcond,unknown
info,precip,unknown
info,sky,cloudy
info,timeofgame,169
info,attendance,39212
info,wp,kuroh001
info,lp,cainm001
info,save,
id,SFN200909120
version,2
info,visteam,LAN
info,hometeam,SFN
info,site,SFO03
info,date,2009/09/12
info,number,0
info,starttime,6:04PM
info,daynight,night
info,usedh,false
info,umphome,iassd901
info,ump1b,vanol901
info,ump2b,holbs901
info,ump3b,gormb901
info,howscored,park
info,pitches,pitches
info,temp,63
info,winddir,tolf
info,windspeed,15
info,fieldcond,unknown
info,precip,unknown
info,sky,overcast
info,timeofgame,189
info,attendance,41710
info,wp,padiv001
info,lp,sancj002
info,save,
id,SFN200909130
version,2
info,visteam,LAN
info,hometeam,SFN
info,site,SFO03
info,date,2009/09/13
info,number,0
info,starttime,1:08PM
info,daynight,day
info,usedh,false
info,umphome,vanol901
info,ump1b,holbs901
info,ump2b,gormb901
info,ump3b,iassd901
info,howscored,park
info,pitches,pitches
info,temp,70
info,winddir,tolf
info,windspeed,13
info,fieldcond,unknown
info,precip,unknown
info,sky,overcast
info,timeofgame,183
info,attendance,40579
info,wp,pennb002
info,lp,billc001
info,save,
id,SFN200909140
version,2
info,visteam,COL
info,hometeam,SFN
info,site,SFO03
info,date,2009/09/14
info,number,0
info,starttime,7:15PM
info,daynight,night
info,usedh,false
info,umphome,reilm901
info,ump1b,meric901
info,ump2b,diazl901
info,ump3b,coope901
info,howscored,park
info,pitches,pitches
info,temp,66
info,winddir,torf
info,windspeed,11
info,fieldcond,unknown
info,precip,unknown
info,sky,cloudy
info,timeofgame,166
info,attendance,31307
info,wp,linct001
info,lp,hammj002
info,save,
id,SFN200909150
version,2
info,visteam,COL
info,hometeam,SFN
info,site,SFO03
info,date,2009/09/15
info,number,0
info,starttime,7:15PM
info,daynight,night
info,usedh,false
info,umphome,meric901
info,ump1b,diazl901
info,ump2b,coope901
info,ump3b,reilm901
info,howscored,park
info,pitches,pitches
info,temp,66
info,winddir,torf
info,windspeed,15
info,fieldcond,unknown
info,precip,unknown
info,sky,sunny
info,timeofgame,178
info,attendance,30353
info,wp,zitob001
info,lp,jimeu001
info,save,
id,SFN200909160
version,2
info,visteam,COL
info,hometeam,SFN
info,site,SFO03
info,date,2009/09/16
info,number,0
info,starttime,7:15PM
info,daynight,night
info,usedh,false
info,umphome,diazl901
info,ump1b,coope901
info,ump2b,reilm901
info,ump3b,meric901
info,howscored,park
info,pitches,pitches
info,temp,65
info,winddir,tocf
info,windspeed,11
info,fieldcond,unknown
info,precip,unknown
info,sky,sunny
info,timeofgame,182
info,attendance,38696
info,wp,delaj001
info,lp,cainm001
info,save,betar001
id,SFN200909240
version,2
info,visteam,CHN
info,hometeam,SFN
info,site,SFO03
info,date,2009/09/24
info,number,0
info,starttime,7:17PM
info,daynight,night
info,usedh,false
info,umphome,gormb901
info,ump1b,davig901
info,ump2b,buckc901
info,ump3b,everm901
info,howscored,park
info,pitches,pitches
info,temp,64
info,winddir,torf
info,windspeed,17
info,fieldcond,unknown
info,precip,unknown
info,sky,cloudy
info,timeofgame,159
info,attendance,31603
info,wp,heila001
info,lp,wilsb001
info,save,marmc001
id,SFN200909250
version,2
info,visteam,CHN
info,hometeam,SFN
info,site,SFO03
info,date,2009/09/25
info,number,0
info,starttime,7:19PM
info,daynight,night
info,usedh,false
info,umphome,davig901
info,ump1b,buckc901
info,ump2b,everm901
info,ump3b,gormb901
info,howscored,park
info,pitches,pitches
info,temp,66
info,winddir,torf
info,windspeed,7
info,fieldcond,unknown
info,precip,unknown
info,sky,sunny
info,timeofgame,116
info,attendance,33970
info,wp,zambc001
info,lp,linct001
info,save,
id,SFN200909260
version,2
info,visteam,CHN
info,hometeam,SFN
info,site,SFO03
info,date,2009/09/26
info,number,0
info,starttime,1:10PM
info,daynight,day
info,usedh,false
info,umphome,buckc901
info,ump1b,everm901
info,ump2b,gormb901
info,ump3b,davig901
info,howscored,park
info,pitches,pitches
info,temp,79
info,winddir,torf
info,windspeed,9
info,fieldcond,unknown
info,precip,unknown
info,sky,sunny
info,timeofgame,178
info,attendance,35885
info,wp,gorzt001
info,lp,zitob001
info,save,
id,SFN200909270
version,2
info,visteam,CHN
info,hometeam,SFN
info,site,SFO03
info,date,2009/09/27
info,number,0
info,starttime,1:06PM
info,daynight,day
info,usedh,false
info,umphome,everm901
info,ump1b,gormb901
info,ump2b,davig901
info,ump3b,buckc901
info,howscored,park
info,pitches,pitches
info,temp,81
info,winddir,ltor
info,windspeed,9
info,fieldcond,unknown
info,precip,unknown
info,sky,cloudy
info,timeofgame,155
info,attendance,38330
info,wp,cainm001
info,lp,wellr001
info,save,wilsb001
id,SFN200909290
version,2
info,visteam,ARI
info,hometeam,SFN
info,site,SFO03
info,date,2009/09/29
info,number,0
info,starttime,7:15PM
info,daynight,night
info,usedh,false
info,umphome,eddid901
info,ump1b,knigb901
info,ump2b,wendh902
info,ump3b,demud901
info,howscored,park
info,pitches,pitches
info,temp,60
info,winddir,tocf
info,windspeed,27
info,fieldcond,unknown
info,precip,unknown
info,sky,cloudy
info,timeofgame,203
info,attendance,28039
info,wp,sancj002
info,lp,david002
info,save,
id,SFN200909300
version,2
info,visteam,ARI
info,hometeam,SFN
info,site,SFO03
info,date,2009/09/30
info,number,0
info,starttime,7:17PM
info,daynight,night
info,usedh,false
info,umphome,knigb901
info,ump1b,wendh902
info,ump2b,demud901
info,ump3b,eddid901
info,howscored,park
info,pitches,pitches
info,temp,62
info,winddir,tocf
info,windspeed,5
info,fieldcond,unknown
info,precip,unknown
info,sky,sunny
info,timeofgame,140
info,attendance,29473
info,wp,pennb002
info,lp,mulvk001
info,save,
id,SFN200910010
version,2
info,visteam,ARI
info,hometeam,SFN
info,site,SFO03
info,date,2009/10/01
info,number,0
info,starttime,12:46PM
info,daynight,day
info,usedh,false
info,umphome,wendh902
info,ump1b,demud901
info,ump2b,eddid901
info,ump3b,knigb901
info,howscored,park
info,pitches,pitches
info,temp,76
info,winddir,fromlf
info,windspeed,8
info,fieldcond,unknown
info,precip,unknown
info,sky,sunny
info,timeofgame,145
info,attendance,27941
info,wp,linct001
info,lp,hared001
info,save,
