id,ARI199904160
info,visteam,SFN
info,hometeam,ARI
info,date,1999/04/16
info,site,PHO01
info,number,0
info,starttime,7:05PM
info,daynight,night
info,usedh,false
info,umphome,darlg901
info,ump1b,poncl901
info,ump2b,mealj901
info,ump3b,ripps901
info,temp,82
info,winddir,ltor
info,windspeed,8
info,fieldcond,unknown
info,precip,none
info,sky,night
info,timeofgame,180
info,attendance,34516
info,wp,stott001
info,lp,gardm001
info,save,andeb002
id,ARI199904170
info,visteam,SFN
info,hometeam,ARI
info,date,1999/04/17
info,site,PHO01
info,number,0
info,starttime,1:05PM
info,daynight,day
info,usedh,false
info,umphome,poncl901
info,ump1b,mealj901
info,ump2b,ripps901
info,ump3b,darlg901
info,temp,86
info,winddir,fromlf
info,windspeed,7
info,fieldcond,unknown
info,precip,none
info,sky,night
info,timeofgame,182
info,attendance,36674
info,wp,ruetk001
info,lp,benea001
info,save,
id,ARI199904180
info,visteam,SFN
info,hometeam,ARI
info,date,1999/04/18
info,site,PHO01
info,number,0
info,starttime,1:05PM
info,daynight,day
info,usedh,false
info,umphome,mealj901
info,ump1b,ripps901
info,ump2b,wendh902
info,ump3b,poncl901
info,temp,88
info,winddir,fromcf
info,windspeed,3
info,fieldcond,unknown
info,precip,none
info,sky,night
info,timeofgame,193
info,attendance,36043
info,wp,reyna001
info,lp,ortir001
info,save,
id,ARI199908020
info,visteam,SFN
info,hometeam,ARI
info,date,1999/08/02
info,site,PHO01
info,number,0
info,starttime,7:05PM
info,daynight,night
info,usedh,false
info,umphome,holbs901
info,ump1b,demud901
info,ump2b,relic901
info,ump3b,kellj901
info,temp,72
info,winddir,unknown
info,windspeed,0
info,fieldcond,dry
info,precip,none
info,sky,dome
info,timeofgame,213
info,attendance,40470
info,wp,reyna001
info,lp,ruetk001
info,save,
id,ARI199908030
info,visteam,SFN
info,hometeam,ARI
info,date,1999/08/03
info,site,PHO01
info,number,0
info,starttime,7:05PM
info,daynight,night
info,usedh,false
info,umphome,demud901
info,ump1b,relic901
info,ump2b,kellj901
info,ump3b,holbs901
info,temp,72
info,winddir,unknown
info,windspeed,0
info,fieldcond,dry
info,precip,none
info,sky,dome
info,timeofgame,172
info,attendance,38794
info,wp,hernl003
info,lp,daalo001
info,save,nen-r001
id,ARI199908040
info,visteam,SFN
info,hometeam,ARI
info,date,1999/08/04
info,site,PHO01
info,number,0
info,starttime,7:35PM
info,daynight,night
info,usedh,false
info,umphome,relic901
info,ump1b,kellj901
info,ump2b,holbs901
info,ump3b,demud901
info,temp,72
info,winddir,unknown
info,windspeed,0
info,fieldcond,dry
info,precip,none
info,sky,dome
info,timeofgame,161
info,attendance,41503
info,wp,andeb002
info,lp,nathj001
info,save,
id,ATL199908060
info,visteam,SFN
info,hometeam,ATL
info,date,1999/08/06
info,site,ATL02
info,number,0
info,starttime,7:40PM
info,daynight,night
info,usedh,false
info,umphome,riekr901
info,ump1b,davig901
info,ump2b,rungb901
info,ump3b,drecb901
info,temp,90
info,winddir,ltor
info,windspeed,6
info,fieldcond,unknown
info,precip,none
info,sky,night
info,timeofgame,159
info,attendance,49321
info,wp,maddg002
info,lp,estes001
info,save,
id,ATL199908070
info,visteam,SFN
info,hometeam,ATL
info,date,1999/08/07
info,site,ATL02
info,number,0
info,starttime,1:15PM
info,daynight,day
info,usedh,false
info,umphome,davig901
info,ump1b,rungb901
info,ump2b,drecb901
info,ump3b,riekr901
info,temp,91
info,winddir,rtol
info,windspeed,6
info,fieldcond,unknown
info,precip,none
info,sky,sunny
info,timeofgame,204
info,attendance,47798
info,wp,mulht001
info,lp,ortir001
info,save,
id,ATL199908080
info,visteam,SFN
info,hometeam,ATL
info,date,1999/08/08
info,site,ATL02
info,number,0
info,starttime,1:10PM
info,daynight,day
info,usedh,false
info,umphome,rungb901
info,ump1b,drecb901
info,ump2b,riekr901
info,ump3b,davig901
info,temp,90
info,winddir,torf
info,windspeed,10
info,fieldcond,unknown
info,precip,none
info,sky,overcast
info,timeofgame,149
info,attendance,38026
info,wp,ruetk001
info,lp,millk004
info,save,nen-r001
id,CHN199908240
info,visteam,SFN
info,hometeam,CHN
info,date,1999/08/24
info,site,CHI11
info,number,0
info,starttime,1:20PM
info,daynight,day
info,usedh,false
info,umphome,rapue901
info,ump1b,wendh902
info,ump2b,willc901
info,ump3b,fleta901
info,temp,70
info,winddir,fromcf
info,windspeed,15
info,fieldcond,unknown
info,precip,none
info,sky,overcast
info,timeofgame,174
info,attendance,25501
info,wp,estes001
info,lp,lorra001
info,save,
id,CHN199908251
info,visteam,SFN
info,hometeam,CHN
info,date,1999/08/25
info,site,CHI11
info,number,1
info,starttime,12:05PM
info,daynight,day
info,usedh,false
info,umphome,wendh902
info,ump1b,willc901
info,ump2b,fleta901
info,ump3b,rapue901
info,temp,70
info,winddir,fromlf
info,windspeed,7
info,fieldcond,unknown
info,precip,none
info,sky,overcast
info,timeofgame,209
info,attendance,0
info,wp,ortir001
info,lp,tapak001
info,save,
id,CHN199908252
info,visteam,SFN
info,hometeam,CHN
info,date,1999/08/25
info,site,CHI11
info,number,2
info,starttime,3:30PM
info,daynight,day
info,usedh,false
info,umphome,willc901
info,ump1b,fleta901
info,ump2b,rapue901
info,ump3b,wendh902
info,temp,71
info,winddir,fromlf
info,windspeed,8
info,fieldcond,unknown
info,precip,none
info,sky,cloudy
info,timeofgame,157
info,attendance,26584
info,wp,ruetk001
info,lp,liebj001
info,save,nen-r001
id,CHN199908260
info,visteam,SFN
info,hometeam,CHN
info,date,1999/08/26
info,site,CHI11
info,number,0
info,starttime,1:20PM
info,daynight,day
info,usedh,false
info,umphome,fleta901
info,ump1b,rapue901
info,ump2b,wendh902
info,ump3b,willc901
info,temp,76
info,winddir,fromcf
info,windspeed,11
info,fieldcond,unknown
info,precip,none
info,sky,sunny
info,timeofgame,203
info,attendance,28351
info,wp,adamt001
info,lp,nen-r001
info,save,
id,CIN199904050
info,visteam,SFN
info,hometeam,CIN
info,date,1999/04/05
info,site,CIN08
info,number,0
info,starttime,2:06PM
info,daynight,day
info,usedh,false
info,umphome,crawj901
info,ump1b,grege901
info,ump2b,gormb901
info,ump3b,nauep901
info,temp,62
info,winddir,torf
info,windspeed,5
info,fieldcond,unknown
info,precip,none
info,sky,night
info,timeofgame,190
info,attendance,55112
info,wp,embra001
info,lp,hudej001
info,save,nen-r001
id,CIN199904060
info,visteam,SFN
info,hometeam,CIN
info,date,1999/04/06
info,site,CIN08
info,number,0
info,starttime,7:05PM
info,daynight,night
info,usedh,false
info,umphome,grege901
info,ump1b,gormb901
info,ump2b,nauep901
info,ump3b,crawj901
info,temp,67
info,winddir,torf
info,windspeed,8
info,fieldcond,unknown
info,precip,none
info,sky,night
info,timeofgame,186
info,attendance,17310
info,wp,tavaj001
info,lp,gravd001
info,save,nen-r001
id,CIN199904070
info,visteam,SFN
info,hometeam,CIN
info,date,1999/04/07
info,site,CIN08
info,number,0
info,starttime,12:34PM
info,daynight,day
info,usedh,false
info,umphome,gormb901
info,ump1b,nauep901
info,ump2b,crawj901
info,ump3b,grege901
info,temp,60
info,winddir,rtol
info,windspeed,12
info,fieldcond,unknown
info,precip,none
info,sky,sunny
info,timeofgame,184
info,attendance,19011
info,wp,ortir001
info,lp,avers001
info,save,
id,CIN199907300
info,visteam,SFN
info,hometeam,CIN
info,date,1999/07/30
info,site,CIN08
info,number,0
info,starttime,7:05PM
info,daynight,night
info,usedh,false
info,umphome,rungb901
info,ump1b,drecb901
info,ump2b,riekr901
info,ump3b,laynj901
info,temp,103
info,winddir,torf
info,windspeed,11
info,fieldcond,unknown
info,precip,none
info,sky,night
info,timeofgame,170
info,attendance,31946
info,wp,neagd001
info,lp,gardm001
info,save,wills002
id,CIN199907310
info,visteam,SFN
info,hometeam,CIN
info,date,1999/07/31
info,site,CIN08
info,number,0
info,starttime,7:05PM
info,daynight,night
info,usedh,false
info,umphome,drecb901
info,ump1b,riekr901
info,ump2b,laynj901
info,ump3b,rungb901
info,temp,99
info,winddir,tocf
info,windspeed,16
info,fieldcond,unknown
info,precip,none
info,sky,night
info,timeofgame,166
info,attendance,31771
info,wp,estes001
info,lp,villr001
info,save,
id,CIN199908010
info,visteam,SFN
info,hometeam,CIN
info,date,1999/08/01
info,site,CIN08
info,number,0
info,starttime,1:15PM
info,daynight,day
info,usedh,false
info,umphome,riekr901
info,ump1b,laynj901
info,ump2b,rungb901
info,ump3b,drecb901
info,temp,84
info,winddir,tocf
info,windspeed,8
info,fieldcond,unknown
info,precip,none
info,sky,night
info,timeofgame,179
info,attendance,25426
info,wp,tomkb001
info,lp,ortir001
info,save,
id,COL199906140
info,visteam,SFN
info,hometeam,COL
info,date,1999/06/14
info,site,DEN02
info,number,0
info,starttime,7:05PM
info,daynight,night
info,usedh,false
info,umphome,nauep901
info,ump1b,gormb901
info,ump2b,crawj901
info,ump3b,wendh902
info,temp,68
info,winddir,tocf
info,windspeed,5
info,fieldcond,unknown
info,precip,none
info,sky,cloudy
info,timeofgame,170
info,attendance,40029
info,wp,leskc001
info,lp,johnj006
info,save,vered001
id,COL199906150
info,visteam,SFN
info,hometeam,COL
info,date,1999/06/15
info,site,DEN02
info,number,0
info,starttime,7:06PM
info,daynight,night
info,usedh,false
info,umphome,gormb901
info,ump1b,crawj901
info,ump2b,wendh902
info,ump3b,nauep901
info,temp,56
info,winddir,tocf
info,windspeed,3
info,fieldcond,unknown
info,precip,none
info,sky,cloudy
info,timeofgame,201
info,attendance,40037
info,wp,bohab001
info,lp,brocc001
info,save,
id,COL199906160
info,visteam,SFN
info,hometeam,COL
info,date,1999/06/16
info,site,DEN02
info,number,0
info,starttime,1:35PM
info,daynight,day
info,usedh,false
info,umphome,crawj901
info,ump1b,wendh902
info,ump2b,nauep901
info,ump3b,gormb901
info,temp,57
info,winddir,tolf
info,windspeed,10
info,fieldcond,unknown
info,precip,none
info,sky,cloudy
info,timeofgame,182
info,attendance,41307
info,wp,gardm001
info,lp,kiled001
info,save,
id,COL199910010
info,visteam,SFN
info,hometeam,COL
info,date,1999/10/01
info,site,DEN02
info,number,0
info,starttime,6:05PM
info,daynight,night
info,usedh,false
info,umphome,wendh902
info,ump1b,mealj901
info,ump2b,bellw901
info,ump3b,ripps901
info,temp,52
info,winddir,fromcf
info,windspeed,5
info,fieldcond,unknown
info,precip,none
info,sky,cloudy
info,timeofgame,170
info,attendance,41302
info,wp,ortir001
info,lp,thomj005
info,save,
id,COL199910020
info,visteam,SFN
info,hometeam,COL
info,date,1999/10/02
info,site,DEN02
info,number,0
info,starttime,1:05PM
info,daynight,day
info,usedh,false
info,umphome,mealj901
info,ump1b,bellw901
info,ump2b,ripps901
info,ump3b,wendh902
info,temp,49
info,winddir,fromlf
info,windspeed,3
info,fieldcond,unknown
info,precip,none
info,sky,cloudy
info,timeofgame,206
info,attendance,38393
info,wp,ruetk001
info,lp,wrigj001
info,save,
id,FLO199908090
info,visteam,SFN
info,hometeam,FLO
info,date,1999/08/09
info,site,MIA01
info,number,0
info,starttime,7:05PM
info,daynight,night
info,usedh,false
info,umphome,darlg901
info,ump1b,ripps901
info,ump2b,mealj901
info,ump3b,poncl901
info,temp,88
info,winddir,unknown
info,windspeed,8
info,fieldcond,unknown
info,precip,none
info,sky,night
info,timeofgame,195
info,attendance,10768
info,wp,sancj001
info,lp,johnj006
info,save,
id,FLO199908100
info,visteam,SFN
info,hometeam,FLO
info,date,1999/08/10
info,site,MIA01
info,number,0
info,starttime,7:05PM
info,daynight,night
info,usedh,false
info,umphome,ripps901
info,ump1b,mealj901
info,ump2b,poncl901
info,ump3b,darlg901
info,temp,92
info,winddir,tocf
info,windspeed,10
info,fieldcond,unknown
info,precip,none
info,sky,night
info,timeofgame,232
info,attendance,13553
info,wp,edmob001
info,lp,rodrf002
info,save,
id,FLO199908110
info,visteam,SFN
info,hometeam,FLO
info,date,1999/08/11
info,site,MIA01
info,number,0
info,starttime,1:05PM
info,daynight,day
info,usedh,false
info,umphome,mealj901
info,ump1b,poncl901
info,ump2b,darlg901
info,ump3b,ripps901
info,temp,95
info,winddir,tocf
info,windspeed,10
info,fieldcond,unknown
info,precip,none
info,sky,cloudy
info,timeofgame,207
info,attendance,16709
info,wp,sancj001
info,lp,nen-r001
info,save,
id,HOU199905140
info,visteam,SFN
info,hometeam,HOU
info,date,1999/05/14
info,site,HOU02
info,number,0
info,starttime,7:05PM
info,daynight,night
info,usedh,false
info,umphome,bellw901
info,ump1b,froeb901
info,ump2b,nelsj901
info,ump3b,wendh902
info,temp,72
info,winddir,unknown
info,windspeed,0
info,fieldcond,dry
info,precip,none
info,sky,dome
info,timeofgame,171
info,attendance,34177
info,wp,reyns001
info,lp,ruetk001
info,save,wagnb001
id,HOU199905150
info,visteam,SFN
info,hometeam,HOU
info,date,1999/05/15
info,site,HOU02
info,number,0
info,starttime,7:05PM
info,daynight,night
info,usedh,false
info,umphome,froeb901
info,ump1b,nelsj901
info,ump2b,wendh902
info,ump3b,bellw901
info,temp,72
info,winddir,unknown
info,windspeed,0
info,fieldcond,dry
info,precip,none
info,sky,dome
info,timeofgame,166
info,attendance,40871
info,wp,hampm001
info,lp,gardm001
info,save,
id,HOU199905160
info,visteam,SFN
info,hometeam,HOU
info,date,1999/05/16
info,site,HOU02
info,number,0
info,starttime,7:09PM
info,daynight,night
info,usedh,false
info,umphome,nelsj901
info,ump1b,wendh902
info,ump2b,bellw901
info,ump3b,froeb901
info,temp,72
info,winddir,unknown
info,windspeed,0
info,fieldcond,dry
info,precip,none
info,sky,dome
info,timeofgame,242
info,attendance,29671
info,wp,nen-r001
info,lp,elars001
info,save,nathj001
id,LAN199907020
info,visteam,SFN
info,hometeam,LAN
info,date,1999/07/02
info,site,LOS03
info,number,0
info,starttime,7:10PM
info,daynight,night
info,usedh,false
info,umphome,vanol901
info,ump1b,marsr901
info,ump2b,westj901
info,ump3b,kulpr901
info,temp,71
info,winddir,rtol
info,windspeed,8
info,fieldcond,unknown
info,precip,none
info,sky,night
info,timeofgame,171
info,attendance,53869
info,wp,brocc001
info,lp,perec001
info,save,nen-r001
id,LAN199907030
info,visteam,SFN
info,hometeam,LAN
info,date,1999/07/03
info,site,LOS03
info,number,0
info,starttime,1:05PM
info,daynight,day
info,usedh,false
info,umphome,marsr901
info,ump1b,westj901
info,ump2b,kulpr901
info,ump3b,vanol901
info,temp,72
info,winddir,ltor
info,windspeed,12
info,fieldcond,unknown
info,precip,none
info,sky,cloudy
info,timeofgame,180
info,attendance,41770
info,wp,gardm001
info,lp,parkc002
info,save,
id,LAN199907040
info,visteam,SFN
info,hometeam,LAN
info,date,1999/07/04
info,site,LOS03
info,number,0
info,starttime,6:35PM
info,daynight,night
info,usedh,false
info,umphome,westj901
info,ump1b,kulpr901
info,ump2b,vanol901
info,ump3b,marsr901
info,temp,73
info,winddir,ltor
info,windspeed,14
info,fieldcond,unknown
info,precip,none
info,sky,night
info,timeofgame,149
info,attendance,54731
info,wp,valdi001
info,lp,ruetk001
info,save,
id,LAN199909200
info,visteam,SFN
info,hometeam,LAN
info,date,1999/09/20
info,site,LOS03
info,number,0
info,starttime,7:10PM
info,daynight,night
info,usedh,false
info,umphome,davig901
info,ump1b,wegnm901
info,ump2b,emmep901
info,ump3b,riekr901
info,temp,62
info,winddir,ltor
info,windspeed,10
info,fieldcond,unknown
info,precip,none
info,sky,night
info,timeofgame,193
info,attendance,33280
info,wp,borbp001
info,lp,embra001
info,save,
id,LAN199909210
info,visteam,SFN
info,hometeam,LAN
info,date,1999/09/21
info,site,LOS03
info,number,0
info,starttime,7:10PM
info,daynight,night
info,usedh,false
info,umphome,wegnm901
info,ump1b,emmep901
info,ump2b,riekr901
info,ump3b,davig901
info,temp,74
info,winddir,ltor
info,windspeed,9
info,fieldcond,unknown
info,precip,none
info,sky,night
info,timeofgame,160
info,attendance,31881
info,wp,willj002
info,lp,ruetk001
info,save,
id,LAN199909220
info,visteam,SFN
info,hometeam,LAN
info,date,1999/09/22
info,site,LOS03
info,number,0
info,starttime,7:35PM
info,daynight,night
info,usedh,false
info,umphome,emmep901
info,ump1b,riekr901
info,ump2b,davig901
info,ump3b,wegnm901
info,temp,64
info,winddir,ltor
info,windspeed,8
info,fieldcond,unknown
info,precip,none
info,sky,night
info,timeofgame,188
info,attendance,32624
info,wp,gardm001
info,lp,borbp001
info,save,nen-r001
id,LAN199909230
info,visteam,SFN
info,hometeam,LAN
info,date,1999/09/23
info,site,LOS03
info,number,0
info,starttime,7:10PM
info,daynight,night
info,usedh,false
info,umphome,fleta901
info,ump1b,froeb901
info,ump2b,nelsj901
info,ump3b,hirsm901
info,temp,64
info,winddir,ltor
info,windspeed,12
info,fieldcond,unknown
info,precip,none
info,sky,night
info,timeofgame,186
info,attendance,34589
info,wp,parkc002
info,lp,hernl003
info,save,shawj001
id,MIL199908200
info,visteam,SFN
info,hometeam,MIL
info,date,1999/08/20
info,site,MIL05
info,number,0
info,starttime,7:05PM
info,daynight,night
info,usedh,false
info,umphome,davib902
info,ump1b,danlk901
info,ump2b,monte901
info,ump3b,wintm901
info,temp,71
info,winddir,ltor
info,windspeed,7
info,fieldcond,unknown
info,precip,none
info,sky,night
info,timeofgame,191
info,attendance,27762
info,wp,ruetk001
info,lp,pulsb001
info,save,
id,MIL199908210
info,visteam,SFN
info,hometeam,MIL
info,date,1999/08/21
info,site,MIL05
info,number,0
info,starttime,12:15PM
info,daynight,day
info,usedh,false
info,umphome,danlk901
info,ump1b,monte901
info,ump2b,wintm901
info,ump3b,davib902
info,temp,72
info,winddir,tocf
info,windspeed,6
info,fieldcond,unknown
info,precip,none
info,sky,cloudy
info,timeofgame,163
info,attendance,25646
info,wp,hernl003
info,lp,petek001
info,save,
id,MIL199908220
info,visteam,SFN
info,hometeam,MIL
info,date,1999/08/22
info,site,MIL05
info,number,0
info,starttime,1:05PM
info,daynight,day
info,usedh,false
info,umphome,monte901
info,ump1b,wintm901
info,ump2b,davib902
info,ump3b,danlk901
info,temp,75
info,winddir,rtol
info,windspeed,8
info,fieldcond,unknown
info,precip,none
info,sky,cloudy
info,timeofgame,214
info,attendance,22193
info,wp,nathj001
info,lp,eldrc001
info,save,
id,MON199904270
info,visteam,SFN
info,hometeam,MON
info,date,1999/04/27
info,site,MON02
info,number,0
info,starttime,7:09PM
info,daynight,night
info,usedh,false
info,umphome,rapue901
info,ump1b,wendh902
info,ump2b,hirsm901
info,ump3b,wegnm901
info,temp,72
info,winddir,unknown
info,windspeed,0
info,fieldcond,dry
info,precip,none
info,sky,dome
info,timeofgame,191
info,attendance,5202
info,wp,johnj006
info,lp,klins002
info,save,nen-r001
id,MON199904280
info,visteam,SFN
info,hometeam,MON
info,date,1999/04/28
info,site,MON02
info,number,0
info,starttime,7:07PM
info,daynight,night
info,usedh,false
info,umphome,wendh902
info,ump1b,hirsm901
info,ump2b,wegnm901
info,ump3b,rapue901
info,temp,72
info,winddir,unknown
info,windspeed,0
info,fieldcond,dry
info,precip,none
info,sky,dome
info,timeofgame,162
info,attendance,4998
info,wp,nathj001
info,lp,hermd001
info,save,nen-r001
id,MON199904290
info,visteam,SFN
info,hometeam,MON
info,date,1999/04/29
info,site,MON02
info,number,0
info,starttime,7:07PM
info,daynight,night
info,usedh,false
info,umphome,hirsm901
info,ump1b,wegnm901
info,ump2b,rapue901
info,ump3b,wendh902
info,temp,72
info,winddir,unknown
info,windspeed,0
info,fieldcond,dry
info,precip,none
info,sky,dome
info,timeofgame,216
info,attendance,5253
info,wp,ortir001
info,lp,pavac001
info,save,nen-r001
id,MON199905280
info,visteam,SFN
info,hometeam,MON
info,date,1999/05/28
info,site,MON02
info,number,0
info,starttime,7:07PM
info,daynight,night
info,usedh,false
info,umphome,gibsg901
info,ump1b,willc901
info,ump2b,pullf901
info,ump3b,bonig901
info,temp,72
info,winddir,unknown
info,windspeed,0
info,fieldcond,dry
info,precip,none
info,sky,dome
info,timeofgame,172
info,attendance,6535
info,wp,telfa001
info,lp,ortir001
info,save,urbiu001
id,MON199905290
info,visteam,SFN
info,hometeam,MON
info,date,1999/05/29
info,site,MON02
info,number,0
info,starttime,7:08PM
info,daynight,night
info,usedh,false
info,umphome,willc901
info,ump1b,pullf901
info,ump2b,bonig901
info,ump3b,gibsg901
info,temp,72
info,winddir,unknown
info,windspeed,0
info,fieldcond,dry
info,precip,none
info,sky,dome
info,timeofgame,185
info,attendance,8516
info,wp,thurm002
info,lp,estes001
info,save,urbiu001
id,MON199905300
info,visteam,SFN
info,hometeam,MON
info,date,1999/05/30
info,site,MON02
info,number,0
info,starttime,1:37PM
info,daynight,day
info,usedh,false
info,umphome,pullf901
info,ump1b,bonig901
info,ump2b,gibsg901
info,ump3b,willc901
info,temp,72
info,winddir,unknown
info,windspeed,0
info,fieldcond,dry
info,precip,none
info,sky,dome
info,timeofgame,176
info,attendance,8172
info,wp,batim001
info,lp,brocc001
info,save,urbiu001
id,NYN199904300
info,visteam,SFN
info,hometeam,NYN
info,date,1999/04/30
info,site,NYC17
info,number,0
info,starttime,7:10PM
info,daynight,night
info,usedh,false
info,umphome,davib902
info,ump1b,wegnm901
info,ump2b,rapue901
info,ump3b,hirsm901
info,temp,62
info,winddir,rtol
info,windspeed,10
info,fieldcond,unknown
info,precip,none
info,sky,night
info,timeofgame,201
info,attendance,32427
info,wp,watsa001
info,lp,estes001
info,save,wendt001
id,NYN199905010
info,visteam,SFN
info,hometeam,NYN
info,date,1999/05/01
info,site,NYC17
info,number,0
info,starttime,1:42PM
info,daynight,day
info,usedh,false
info,umphome,wegnm901
info,ump1b,rapue901
info,ump2b,buckc901
info,ump3b,davib902
info,temp,61
info,winddir,fromlf
info,windspeed,8
info,fieldcond,unknown
info,precip,none
info,sky,sunny
info,timeofgame,177
info,attendance,33825
info,wp,herso001
info,lp,brocc001
info,save,
id,NYN199905020
info,visteam,SFN
info,hometeam,NYN
info,date,1999/05/02
info,site,NYC17
info,number,0
info,starttime,1:41PM
info,daynight,day
info,usedh,false
info,umphome,rapue901
info,ump1b,hirsm901
info,ump2b,davib902
info,ump3b,wegnm901
info,temp,62
info,winddir,fromcf
info,windspeed,16
info,fieldcond,unknown
info,precip,none
info,sky,cloudy
info,timeofgame,153
info,attendance,37431
info,wp,cookd001
info,lp,johnj006
info,save,franj001
id,NYN199909060
info,visteam,SFN
info,hometeam,NYN
info,date,1999/09/06
info,site,NYC17
info,number,0
info,starttime,1:40PM
info,daynight,day
info,usedh,false
info,umphome,kellj901
info,ump1b,schrp901
info,ump2b,timmt901
info,ump3b,laynj901
info,temp,78
info,winddir,fromrf
info,windspeed,5
info,fieldcond,unknown
info,precip,none
info,sky,cloudy
info,timeofgame,175
info,attendance,35727
info,wp,rogek001
info,lp,gardm001
info,save,
id,NYN199909070
info,visteam,SFN
info,hometeam,NYN
info,date,1999/09/07
info,site,NYC17
info,number,0
info,starttime,7:10PM
info,daynight,night
info,usedh,false
info,umphome,schrp901
info,ump1b,timmt901
info,ump2b,laynj901
info,ump3b,kellj901
info,temp,74
info,winddir,rtol
info,windspeed,8
info,fieldcond,unknown
info,precip,none
info,sky,overcast
info,timeofgame,223
info,attendance,24002
info,wp,rodrr004
info,lp,wendt001
info,save,nen-r001
id,NYN199909080
info,visteam,SFN
info,hometeam,NYN
info,date,1999/09/08
info,site,NYC17
info,number,0
info,starttime,1:40PM
info,daynight,day
info,usedh,false
info,umphome,timmt901
info,ump1b,laynj901
info,ump2b,kellj901
info,ump3b,schrp901
info,temp,79
info,winddir,fromlf
info,windspeed,5
info,fieldcond,unknown
info,precip,none
info,sky,cloudy
info,timeofgame,193
info,attendance,26499
info,wp,doteo001
info,lp,estes001
info,save,benia001
id,OAK199907150
info,visteam,SFN
info,hometeam,OAK
info,date,1999/07/15
info,site,OAK01
info,number,0
info,starttime,7:05PM
info,daynight,night
info,usedh,true
info,umphome,koscg901
info,ump1b,morrd901
info,ump2b,hicke901
info,ump3b,barnl901
info,temp,61
info,winddir,ltor
info,windspeed,17
info,fieldcond,unknown
info,precip,none
info,sky,night
info,timeofgame,211
info,attendance,29428
info,wp,joned001
info,lp,nen-r001
info,save,
id,OAK199907160
info,visteam,SFN
info,hometeam,OAK
info,date,1999/07/16
info,site,OAK01
info,number,0
info,starttime,7:35PM
info,daynight,night
info,usedh,true
info,umphome,morrd901
info,ump1b,hicke901
info,ump2b,barnl901
info,ump3b,koscg901
info,temp,60
info,winddir,torf
info,windspeed,10
info,fieldcond,unknown
info,precip,none
info,sky,cloudy
info,timeofgame,182
info,attendance,44671
info,wp,hereg001
info,lp,ortir001
info,save,taylb001
id,OAK199907170
info,visteam,SFN
info,hometeam,OAK
info,date,1999/07/17
info,site,OAK01
info,number,0
info,starttime,1:05PM
info,daynight,day
info,usedh,true
info,umphome,hicke901
info,ump1b,barnl901
info,ump2b,koscg901
info,ump3b,morrd901
info,temp,61
info,winddir,torf
info,windspeed,10
info,fieldcond,unknown
info,precip,none
info,sky,cloudy
info,timeofgame,194
info,attendance,51263
info,wp,ruetk001
info,lp,groob001
info,save,
id,PHI199905310
info,visteam,SFN
info,hometeam,PHI
info,date,1999/05/31
info,site,PHI12
info,number,0
info,starttime,7:05PM
info,daynight,night
info,usedh,false
info,umphome,nauep901
info,ump1b,crawj901
info,ump2b,buckc901
info,ump3b,gormb901
info,temp,85
info,winddir,tocf
info,windspeed,9
info,fieldcond,unknown
info,precip,none
info,sky,cloudy
info,timeofgame,167
info,attendance,16323
info,wp,perey001
info,lp,johnj006
info,save,gomew001
id,PHI199906010
info,visteam,SFN
info,hometeam,PHI
info,date,1999/06/01
info,site,PHI12
info,number,0
info,starttime,7:35PM
info,daynight,night
info,usedh,false
info,umphome,crawj901
info,ump1b,buckc901
info,ump2b,gormb901
info,ump3b,nauep901
info,temp,81
info,winddir,tocf
info,windspeed,14
info,fieldcond,unknown
info,precip,none
info,sky,cloudy
info,timeofgame,251
info,attendance,13050
info,wp,nen-r001
info,lp,gomew001
info,save,
id,PHI199906020
info,visteam,SFN
info,hometeam,PHI
info,date,1999/06/02
info,site,PHI12
info,number,0
info,starttime,7:35PM
info,daynight,night
info,usedh,false
info,umphome,buckc901
info,ump1b,gormb901
info,ump2b,nauep901
info,ump3b,crawj901
info,temp,84
info,winddir,tocf
info,windspeed,12
info,fieldcond,unknown
info,precip,none
info,sky,night
info,timeofgame,183
info,attendance,13616
info,wp,byrdp001
info,lp,ortir001
info,save,gomew001
id,PHI199906030
info,visteam,SFN
info,hometeam,PHI
info,date,1999/06/03
info,site,PHI12
info,number,0
info,starttime,1:07PM
info,daynight,day
info,usedh,false
info,umphome,gormb901
info,ump1b,nauep901
info,ump2b,crawj901
info,ump3b,buckc901
info,temp,80
info,winddir,torf
info,windspeed,13
info,fieldcond,unknown
info,precip,none
info,sky,cloudy
info,timeofgame,173
info,attendance,20560
info,wp,spraj001
info,lp,schic002
info,save,nen-r001
id,PIT199905030
info,visteam,SFN
info,hometeam,PIT
info,date,1999/05/03
info,site,PIT07
info,number,0
info,starttime,7:07PM
info,daynight,night
info,usedh,false
info,umphome,nelsj901
info,ump1b,pullf901
info,ump2b,willc901
info,ump3b,bonig901
info,temp,76
info,winddir,rtol
info,windspeed,2
info,fieldcond,unknown
info,precip,none
info,sky,night
info,timeofgame,179
info,attendance,11099
info,wp,loisr001
info,lp,nen-r001
info,save,
id,PIT199905040
info,visteam,SFN
info,hometeam,PIT
info,date,1999/05/04
info,site,PIT07
info,number,0
info,starttime,7:06PM
info,daynight,night
info,usedh,false
info,umphome,pullf901
info,ump1b,willc901
info,ump2b,bonig901
info,ump3b,nelsj901
info,temp,75
info,winddir,tolf
info,windspeed,3
info,fieldcond,unknown
info,precip,none
info,sky,night
info,timeofgame,189
info,attendance,10532
info,wp,ortir001
info,lp,silvj001
info,save,
id,PIT199905050
info,visteam,SFN
info,hometeam,PIT
info,date,1999/05/05
info,site,PIT07
info,number,0
info,starttime,7:05PM
info,daynight,night
info,usedh,false
info,umphome,willc901
info,ump1b,bonig901
info,ump2b,nelsj901
info,ump3b,pullf901
info,temp,75
info,winddir,torf
info,windspeed,3
info,fieldcond,unknown
info,precip,none
info,sky,night
info,timeofgame,248
info,attendance,14358
info,wp,loisr001
info,lp,rodrf002
info,save,
id,PIT199909030
info,visteam,SFN
info,hometeam,PIT
info,date,1999/09/03
info,site,PIT07
info,number,0
info,starttime,7:05PM
info,daynight,night
info,usedh,false
info,umphome,kulpr901
info,ump1b,relic901
info,ump2b,hudsm901
info,ump3b,demud901
info,temp,86
info,winddir,ltor
info,windspeed,6
info,fieldcond,unknown
info,precip,none
info,sky,night
info,timeofgame,144
info,attendance,16478
info,wp,estes001
info,lp,cordf001
info,save,
id,PIT199909040
info,visteam,SFN
info,hometeam,PIT
info,date,1999/09/04
info,site,PIT07
info,number,0
info,starttime,7:05PM
info,daynight,night
info,usedh,false
info,umphome,demud901
info,ump1b,hudsm901
info,ump2b,relic901
info,ump3b,kulpr901
info,temp,84
info,winddir,ltor
info,windspeed,10
info,fieldcond,unknown
info,precip,none
info,sky,overcast
info,timeofgame,211
info,attendance,19949
info,wp,ortir001
info,lp,bensk001
info,save,
id,PIT199909050
info,visteam,SFN
info,hometeam,PIT
info,date,1999/09/05
info,site,PIT07
info,number,0
info,starttime,1:35PM
info,daynight,day
info,usedh,false
info,umphome,hudsm901
info,ump1b,relic901
info,ump2b,kulpr901
info,ump3b,demud901
info,temp,78
info,winddir,torf
info,windspeed,6
info,fieldcond,unknown
info,precip,none
info,sky,overcast
info,timeofgame,151
info,attendance,17901
info,wp,petec001
info,lp,ruetk001
info,save,
id,SDN199907050
info,visteam,SFN
info,hometeam,SDN
info,date,1999/07/05
info,site,SAN01
info,number,0
info,starttime,6:05PM
info,daynight,night
info,usedh,false
info,umphome,herna901
info,ump1b,vanol901
info,ump2b,marsr901
info,ump3b,westj901
info,temp,75
info,winddir,torf
info,windspeed,5
info,fieldcond,unknown
info,precip,none
info,sky,night
info,timeofgame,150
info,attendance,58333
info,wp,ortir001
info,lp,boehb001
info,save,
id,SDN199907060
info,visteam,SFN
info,hometeam,SDN
info,date,1999/07/06
info,site,SAN01
info,number,0
info,starttime,7:05PM
info,daynight,night
info,usedh,false
info,umphome,vanol901
info,ump1b,rungb901
info,ump2b,westj901
info,ump3b,herna901
info,temp,70
info,winddir,tolf
info,windspeed,6
info,fieldcond,unknown
info,precip,none
info,sky,night
info,timeofgame,199
info,attendance,25435
info,wp,estes001
info,lp,clemm001
info,save,johnj006
id,SDN199907070
info,visteam,SFN
info,hometeam,SDN
info,date,1999/07/07
info,site,SAN01
info,number,0
info,starttime,7:35PM
info,daynight,night
info,usedh,false
info,umphome,rungb901
info,ump1b,westj901
info,ump2b,herna901
info,ump3b,vanol901
info,temp,72
info,winddir,tolf
info,windspeed,4
info,fieldcond,unknown
info,precip,none
info,sky,cloudy
info,timeofgame,170
info,attendance,22403
info,wp,hitcs001
info,lp,brocc001
info,save,hofft001
id,SDN199909170
info,visteam,SFN
info,hometeam,SDN
info,date,1999/09/17
info,site,SAN01
info,number,0
info,starttime,7:05PM
info,daynight,night
info,usedh,false
info,umphome,relic901
info,ump1b,kulpr901
info,ump2b,demud901
info,ump3b,hudsm901
info,temp,67
info,winddir,torf
info,windspeed,5
info,fieldcond,unknown
info,precip,none
info,sky,cloudy
info,timeofgame,176
info,attendance,29028
info,wp,nathj001
info,lp,ashba002
info,save,nen-r001
id,SDN199909180
info,visteam,SFN
info,hometeam,SDN
info,date,1999/09/18
info,site,SAN01
info,number,0
info,starttime,1:05PM
info,daynight,day
info,usedh,false
info,umphome,kulpr901
info,ump1b,demud901
info,ump2b,hudsm901
info,ump3b,relic901
info,temp,70
info,winddir,torf
info,windspeed,4
info,fieldcond,unknown
info,precip,none
info,sky,cloudy
info,timeofgame,174
info,attendance,42265
info,wp,hitcs001
info,lp,gardm001
info,save,
id,SDN199909190
info,visteam,SFN
info,hometeam,SDN
info,date,1999/09/19
info,site,SAN01
info,number,0
info,starttime,5:05PM
info,daynight,night
info,usedh,false
info,umphome,demud901
info,ump1b,hudsm901
info,ump2b,relic901
info,ump3b,kulpr901
info,temp,70
info,winddir,rtol
info,windspeed,6
info,fieldcond,unknown
info,precip,none
info,sky,night
info,timeofgame,160
info,attendance,32443
info,wp,willw001
info,lp,estes001
info,save,hofft001
id,SEA199906110
info,visteam,SFN
info,hometeam,SEA
info,date,1999/06/11
info,site,SEA02
info,number,0
info,starttime,7:06PM
info,daynight,night
info,usedh,true
info,umphome,hicke901
info,ump1b,barnl901
info,ump2b,koscg901
info,ump3b,morrd901
info,temp,72
info,winddir,unknown
info,windspeed,0
info,fieldcond,dry
info,precip,none
info,sky,dome
info,timeofgame,162
info,attendance,29527
info,wp,moyej001
info,lp,gardm001
info,save,mesaj001
id,SEA199906120
info,visteam,SFN
info,hometeam,SEA
info,date,1999/06/12
info,site,SEA02
info,number,0
info,starttime,6:06PM
info,daynight,night
info,usedh,true
info,umphome,barnl901
info,ump1b,koscg901
info,ump2b,morrd901
info,ump3b,hicke901
info,temp,72
info,winddir,unknown
info,windspeed,0
info,fieldcond,dry
info,precip,none
info,sky,dome
info,timeofgame,237
info,attendance,35625
info,wp,ruetk001
info,lp,garcf002
info,save,
id,SEA199906130
info,visteam,SFN
info,hometeam,SEA
info,date,1999/06/13
info,site,SEA02
info,number,0
info,starttime,12:36PM
info,daynight,day
info,usedh,true
info,umphome,koscg901
info,ump1b,morrd901
info,ump2b,hicke901
info,ump3b,barnl901
info,temp,72
info,winddir,unknown
info,windspeed,0
info,fieldcond,dry
info,precip,none
info,sky,dome
info,timeofgame,216
info,attendance,33500
info,wp,tavaj001
info,lp,panij001
info,save,
id,SFN199904080
info,visteam,SDN
info,hometeam,SFN
info,date,1999/04/08
info,site,SFO02
info,number,0
info,starttime,1:25PM
info,daynight,day
info,usedh,false
info,umphome,wegnm901
info,ump1b,froeb901
info,ump2b,hirsm901
info,ump3b,rapue901
info,temp,55
info,winddir,torf
info,windspeed,20
info,fieldcond,unknown
info,precip,none
info,sky,cloudy
info,timeofgame,208
info,attendance,57430
info,wp,estes001
info,lp,spens002
info,save,
id,SFN199904090
info,visteam,SDN
info,hometeam,SFN
info,date,1999/04/09
info,site,SFO02
info,number,0
info,starttime,7:35PM
info,daynight,night
info,usedh,false
info,umphome,froeb901
info,ump1b,hirsm901
info,ump2b,rapue901
info,ump3b,wegnm901
info,temp,54
info,winddir,torf
info,windspeed,21
info,fieldcond,unknown
info,precip,none
info,sky,cloudy
info,timeofgame,165
info,attendance,15795
info,wp,brocc001
info,lp,clemm001
info,save,
id,SFN199904100
info,visteam,SDN
info,hometeam,SFN
info,date,1999/04/10
info,site,SFO02
info,number,0
info,starttime,1:05PM
info,daynight,day
info,usedh,false
info,umphome,hirsm901
info,ump1b,rapue901
info,ump2b,wegnm901
info,ump3b,froeb901
info,temp,53
info,winddir,tocf
info,windspeed,15
info,fieldcond,unknown
info,precip,none
info,sky,cloudy
info,timeofgame,169
info,attendance,18331
info,wp,ashba002
info,lp,gardm001
info,save,
id,SFN199904110
info,visteam,SDN
info,hometeam,SFN
info,date,1999/04/11
info,site,SFO02
info,number,0
info,starttime,1:47PM
info,daynight,day
info,usedh,false
info,umphome,rapue901
info,ump1b,wegnm901
info,ump2b,froeb901
info,ump3b,hirsm901
info,temp,54
info,winddir,tolf
info,windspeed,10
info,fieldcond,unknown
info,precip,rain
info,sky,overcast
info,timeofgame,191
info,attendance,22330
info,wp,johnj006
info,lp,river001
info,save,nen-r001
id,SFN199904130
info,visteam,HOU
info,hometeam,SFN
info,date,1999/04/13
info,site,SFO02
info,number,0
info,starttime,7:06PM
info,daynight,night
info,usedh,false
info,umphome,poncl901
info,ump1b,mealj901
info,ump2b,ripps901
info,ump3b,darlg901
info,temp,58
info,winddir,tolf
info,windspeed,12
info,fieldcond,unknown
info,precip,none
info,sky,night
info,timeofgame,200
info,attendance,9425
info,wp,hampm001
info,lp,ortir001
info,save,powej001
id,SFN199904140
info,visteam,HOU
info,hometeam,SFN
info,date,1999/04/14
info,site,SFO02
info,number,0
info,starttime,7:35PM
info,daynight,night
info,usedh,false
info,umphome,mealj901
info,ump1b,ripps901
info,ump2b,darlg901
info,ump3b,poncl901
info,temp,68
info,winddir,tocf
info,windspeed,5
info,fieldcond,unknown
info,precip,none
info,sky,night
info,timeofgame,194
info,attendance,11274
info,wp,limaj001
info,lp,estes001
info,save,wagnb001
id,SFN199904150
info,visteam,HOU
info,hometeam,SFN
info,date,1999/04/15
info,site,SFO02
info,number,0
info,starttime,1:06PM
info,daynight,day
info,usedh,false
info,umphome,ripps901
info,ump1b,darlg901
info,ump2b,poncl901
info,ump3b,mealj901
info,temp,83
info,winddir,tocf
info,windspeed,5
info,fieldcond,unknown
info,precip,none
info,sky,night
info,timeofgame,176
info,attendance,10819
info,wp,brocc001
info,lp,bergs001
info,save,nen-r001
id,SFN199904190
info,visteam,FLO
info,hometeam,SFN
info,date,1999/04/19
info,site,SFO02
info,number,0
info,starttime,7:08PM
info,daynight,night
info,usedh,false
info,umphome,nelsj901
info,ump1b,pullf901
info,ump2b,willc901
info,ump3b,bonig901
info,temp,61
info,winddir,fromcf
info,windspeed,15
info,fieldcond,unknown
info,precip,none
info,sky,cloudy
info,timeofgame,179
info,attendance,10474
info,wp,johnj006
info,lp,alfoa001
info,save,nen-r001
id,SFN199904200
info,visteam,FLO
info,hometeam,SFN
info,date,1999/04/20
info,site,SFO02
info,number,0
info,starttime,7:05PM
info,daynight,night
info,usedh,false
info,umphome,pullf901
info,ump1b,willc901
info,ump2b,bonig901
info,ump3b,nelsj901
info,temp,58
info,winddir,torf
info,windspeed,20
info,fieldcond,unknown
info,precip,none
info,sky,cloudy
info,timeofgame,162
info,attendance,10765
info,wp,meadb001
info,lp,brocc001
info,save,edmob001
id,SFN199904210
info,visteam,FLO
info,hometeam,SFN
info,date,1999/04/21
info,site,SFO02
info,number,0
info,starttime,1:05PM
info,daynight,day
info,usedh,false
info,umphome,willc901
info,ump1b,bonig901
info,ump2b,nelsj901
info,ump3b,pullf901
info,temp,62
info,winddir,torf
info,windspeed,15
info,fieldcond,unknown
info,precip,none
info,sky,night
info,timeofgame,141
info,attendance,10249
info,wp,nathj001
info,lp,sprid001
info,save,
id,SFN199904220
info,visteam,COL
info,hometeam,SFN
info,date,1999/04/22
info,site,SFO02
info,number,0
info,starttime,1:05PM
info,daynight,day
info,usedh,false
info,umphome,hohnb901
info,ump1b,schrp901
info,ump2b,tatat901
info,ump3b,hallt901
info,temp,60
info,winddir,ltor
info,windspeed,25
info,fieldcond,unknown
info,precip,none
info,sky,night
info,timeofgame,174
info,attendance,11061
info,wp,bohab001
info,lp,ruetk001
info,save,vered001
id,SFN199904230
info,visteam,COL
info,hometeam,SFN
info,date,1999/04/23
info,site,SFO02
info,number,0
info,starttime,7:36PM
info,daynight,night
info,usedh,false
info,umphome,schrp901
info,ump1b,tatat901
info,ump2b,hallt901
info,ump3b,hohnb901
info,temp,70
info,winddir,ltor
info,windspeed,15
info,fieldcond,unknown
info,precip,none
info,sky,cloudy
info,timeofgame,177
info,attendance,16271
info,wp,ortir001
info,lp,kiled001
info,save,
id,SFN199904240
info,visteam,COL
info,hometeam,SFN
info,date,1999/04/24
info,site,SFO02
info,number,0
info,starttime,1:07PM
info,daynight,day
info,usedh,false
info,umphome,tatat901
info,ump1b,hallt901
info,ump2b,hohnb901
info,ump3b,schrp901
info,temp,63
info,winddir,rtol
info,windspeed,6
info,fieldcond,unknown
info,precip,none
info,sky,night
info,timeofgame,170
info,attendance,26626
info,wp,estes001
info,lp,astap001
info,save,
id,SFN199904250
info,visteam,COL
info,hometeam,SFN
info,date,1999/04/25
info,site,SFO02
info,number,0
info,starttime,1:05PM
info,daynight,day
info,usedh,false
info,umphome,hallt901
info,ump1b,hohnb901
info,ump2b,schrp901
info,ump3b,tatat901
info,temp,60
info,winddir,tocf
info,windspeed,15
info,fieldcond,unknown
info,precip,none
info,sky,cloudy
info,timeofgame,199
info,attendance,23099
info,wp,embra001
info,lp,dejem001
info,save,nen-r001
id,SFN199905070
info,visteam,MIL
info,hometeam,SFN
info,date,1999/05/07
info,site,SFO02
info,number,0
info,starttime,7:36PM
info,daynight,night
info,usedh,false
info,umphome,ripps901
info,ump1b,rungb901
info,ump2b,poncl901
info,ump3b,mealj901
info,temp,59
info,winddir,torf
info,windspeed,15
info,fieldcond,unknown
info,precip,none
info,sky,night
info,timeofgame,177
info,attendance,15650
info,wp,brocc001
info,lp,roqur001
info,save,nen-r001
id,SFN199905080
info,visteam,MIL
info,hometeam,SFN
info,date,1999/05/08
info,site,SFO02
info,number,0
info,starttime,1:06PM
info,daynight,day
info,usedh,false
info,umphome,rungb901
info,ump1b,poncl901
info,ump2b,mealj901
info,ump3b,ripps901
info,temp,64
info,winddir,torf
info,windspeed,15
info,fieldcond,unknown
info,precip,none
info,sky,sunny
info,timeofgame,159
info,attendance,20144
info,wp,ruetk001
info,lp,woods001
info,save,nen-r001
id,SFN199905090
info,visteam,MIL
info,hometeam,SFN
info,date,1999/05/09
info,site,SFO02
info,number,0
info,starttime,1:11PM
info,daynight,day
info,usedh,false
info,umphome,poncl901
info,ump1b,mealj901
info,ump2b,ripps901
info,ump3b,rungb901
info,temp,61
info,winddir,torf
info,windspeed,15
info,fieldcond,unknown
info,precip,none
info,sky,night
info,timeofgame,185
info,attendance,35054
info,wp,nomoh001
info,lp,gardm001
info,save,wickb001
id,SFN199905100
info,visteam,ATL
info,hometeam,SFN
info,date,1999/05/10
info,site,SFO02
info,number,0
info,starttime,7:06PM
info,daynight,night
info,usedh,false
info,umphome,laynj901
info,ump1b,drecb901
info,ump2b,riekr901
info,ump3b,davig901
info,temp,58
info,winddir,torf
info,windspeed,20
info,fieldcond,unknown
info,precip,none
info,sky,cloudy
info,timeofgame,151
info,attendance,14694
info,wp,ortir001
info,lp,smolj001
info,save,nen-r001
id,SFN199905110
info,visteam,ATL
info,hometeam,SFN
info,date,1999/05/11
info,site,SFO02
info,number,0
info,starttime,7:07PM
info,daynight,night
info,usedh,false
info,umphome,drecb901
info,ump1b,riekr901
info,ump2b,davig901
info,ump3b,laynj901
info,temp,59
info,winddir,tocf
info,windspeed,22
info,fieldcond,unknown
info,precip,none
info,sky,night
info,timeofgame,262
info,attendance,18917
info,wp,rockj001
info,lp,rodrf002
info,save,
id,SFN199905120
info,visteam,ATL
info,hometeam,SFN
info,date,1999/05/12
info,site,SFO02
info,number,0
info,starttime,1:05PM
info,daynight,day
info,usedh,false
info,umphome,riekr901
info,ump1b,davig901
info,ump2b,laynj901
info,ump3b,drecb901
info,temp,56
info,winddir,torf
info,windspeed,15
info,fieldcond,unknown
info,precip,none
info,sky,sunny
info,timeofgame,195
info,attendance,18550
info,wp,brocc001
info,lp,millk004
info,save,
id,SFN199905170
info,visteam,ARI
info,hometeam,SFN
info,date,1999/05/17
info,site,SFO02
info,number,0
info,starttime,7:07PM
info,daynight,night
info,usedh,false
info,umphome,herna901
info,ump1b,vanol901
info,ump2b,marsr901
info,ump3b,westj901
info,temp,59
info,winddir,torf
info,windspeed,15
info,fieldcond,unknown
info,precip,none
info,sky,cloudy
info,timeofgame,191
info,attendance,10846
info,wp,frasj001
info,lp,estes001
info,save,
id,SFN199905180
info,visteam,ARI
info,hometeam,SFN
info,date,1999/05/18
info,site,SFO02
info,number,0
info,starttime,7:05PM
info,daynight,night
info,usedh,false
info,umphome,vanol901
info,ump1b,marsr901
info,ump2b,westj901
info,ump3b,herna901
info,temp,59
info,winddir,torf
info,windspeed,12
info,fieldcond,unknown
info,precip,none
info,sky,night
info,timeofgame,196
info,attendance,10900
info,wp,reyna001
info,lp,brocc001
info,save,
id,SFN199905190
info,visteam,ARI
info,hometeam,SFN
info,date,1999/05/19
info,site,SFO02
info,number,0
info,starttime,1:06PM
info,daynight,day
info,usedh,false
info,umphome,marsr901
info,ump1b,westj901
info,ump2b,herna901
info,ump3b,vanol901
info,temp,58
info,winddir,rtol
info,windspeed,10
info,fieldcond,unknown
info,precip,none
info,sky,cloudy
info,timeofgame,163
info,attendance,15793
info,wp,ruetk001
info,lp,benea001
info,save,
id,SFN199905210
info,visteam,HOU
info,hometeam,SFN
info,date,1999/05/21
info,site,SFO02
info,number,0
info,starttime,7:34PM
info,daynight,night
info,usedh,false
info,umphome,gormb901
info,ump1b,nauep901
info,ump2b,crawj901
info,ump3b,buckc901
info,temp,58
info,winddir,tocf
info,windspeed,12
info,fieldcond,unknown
info,precip,none
info,sky,night
info,timeofgame,169
info,attendance,25172
info,wp,johnj006
info,lp,powej001
info,save,nen-r001
id,SFN199905220
info,visteam,HOU
info,hometeam,SFN
info,date,1999/05/22
info,site,SFO02
info,number,0
info,starttime,1:06PM
info,daynight,day
info,usedh,false
info,umphome,nauep901
info,ump1b,crawj901
info,ump2b,buckc901
info,ump3b,gormb901
info,temp,75
info,winddir,tolf
info,windspeed,12
info,fieldcond,unknown
info,precip,none
info,sky,night
info,timeofgame,174
info,attendance,21942
info,wp,ortir001
info,lp,holtc001
info,save,nen-r001
id,SFN199905230
info,visteam,HOU
info,hometeam,SFN
info,date,1999/05/23
info,site,SFO02
info,number,0
info,starttime,1:07PM
info,daynight,day
info,usedh,false
info,umphome,crawj901
info,ump1b,buckc901
info,ump2b,gormb901
info,ump3b,nauep901
info,temp,66
info,winddir,tolf
info,windspeed,10
info,fieldcond,unknown
info,precip,none
info,sky,night
info,timeofgame,177
info,attendance,40101
info,wp,limaj001
info,lp,nathj001
info,save,wagnb001
id,SFN199906040
info,visteam,OAK
info,hometeam,SFN
info,date,1999/06/04
info,site,SFO02
info,number,0
info,starttime,7:36PM
info,daynight,night
info,usedh,false
info,umphome,bellw901
info,ump1b,hirsm901
info,ump2b,froeb901
info,ump3b,vanol901
info,temp,56
info,winddir,tocf
info,windspeed,20
info,fieldcond,unknown
info,precip,none
info,sky,cloudy
info,timeofgame,297
info,attendance,32456
info,wp,spraj001
info,lp,taylb001
info,save,
id,SFN199906050
info,visteam,OAK
info,hometeam,SFN
info,date,1999/06/05
info,site,SFO02
info,number,0
info,starttime,1:10PM
info,daynight,day
info,usedh,false
info,umphome,hirsm901
info,ump1b,froeb901
info,ump2b,vanol901
info,ump3b,bellw901
info,temp,64
info,winddir,torf
info,windspeed,8
info,fieldcond,unknown
info,precip,none
info,sky,night
info,timeofgame,196
info,attendance,31959
info,wp,ruetk001
info,lp,oquim001
info,save,
id,SFN199906060
info,visteam,OAK
info,hometeam,SFN
info,date,1999/06/06
info,site,SFO02
info,number,0
info,starttime,1:06PM
info,daynight,day
info,usedh,false
info,umphome,froeb901
info,ump1b,vanol901
info,ump2b,bellw901
info,ump3b,hirsm901
info,temp,63
info,winddir,torf
info,windspeed,15
info,fieldcond,unknown
info,precip,none
info,sky,night
info,timeofgame,212
info,attendance,40154
info,wp,groob001
info,lp,johnj006
info,save,taylb001
id,SFN199906070
info,visteam,ANA
info,hometeam,SFN
info,date,1999/06/07
info,site,SFO02
info,number,0
info,starttime,7:08PM
info,daynight,night
info,usedh,false
info,umphome,drecb901
info,ump1b,davig901
info,ump2b,rungb901
info,ump3b,riekr901
info,temp,57
info,winddir,torf
info,windspeed,20
info,fieldcond,unknown
info,precip,none
info,sky,night
info,timeofgame,165
info,attendance,13661
info,wp,ortir001
info,lp,finlc001
info,save,nen-r001
id,SFN199906080
info,visteam,ANA
info,hometeam,SFN
info,date,1999/06/08
info,site,SFO02
info,number,0
info,starttime,1:08PM
info,daynight,day
info,usedh,false
info,umphome,davig901
info,ump1b,rungb901
info,ump2b,riekr901
info,ump3b,drecb901
info,temp,59
info,winddir,torf
info,windspeed,20
info,fieldcond,unknown
info,precip,none
info,sky,sunny
info,timeofgame,164
info,attendance,11721
info,wp,estes001
info,lp,spars001
info,save,
id,SFN199906090
info,visteam,ANA
info,hometeam,SFN
info,date,1999/06/09
info,site,SFO02
info,number,0
info,starttime,12:35PM
info,daynight,day
info,usedh,false
info,umphome,rungb901
info,ump1b,riekr901
info,ump2b,drecb901
info,ump3b,davig901
info,temp,64
info,winddir,torf
info,windspeed,10
info,fieldcond,unknown
info,precip,none
info,sky,sunny
info,timeofgame,162
info,attendance,17516
info,wp,belct001
info,lp,brocc001
info,save,perct001
id,SFN199906170
info,visteam,CHN
info,hometeam,SFN
info,date,1999/06/17
info,site,SFO02
info,number,0
info,starttime,7:06PM
info,daynight,night
info,usedh,false
info,umphome,hallt901
info,ump1b,hohnb901
info,ump2b,schrp901
info,ump3b,tatat901
info,temp,55
info,winddir,ltor
info,windspeed,12
info,fieldcond,unknown
info,precip,none
info,sky,cloudy
info,timeofgame,173
info,attendance,18886
info,wp,nen-r001
info,lp,serad001
info,save,
id,SFN199906180
info,visteam,CHN
info,hometeam,SFN
info,date,1999/06/18
info,site,SFO02
info,number,0
info,starttime,7:38PM
info,daynight,night
info,usedh,false
info,umphome,hohnb901
info,ump1b,schrp901
info,ump2b,tatat901
info,ump3b,hallt901
info,temp,58
info,winddir,tolf
info,windspeed,15
info,fieldcond,unknown
info,precip,none
info,sky,cloudy
info,timeofgame,183
info,attendance,22357
info,wp,ortir001
info,lp,tapak001
info,save,nen-r001
id,SFN199906190
info,visteam,CHN
info,hometeam,SFN
info,date,1999/06/19
info,site,SFO02
info,number,0
info,starttime,1:07PM
info,daynight,day
info,usedh,false
info,umphome,schrp901
info,ump1b,tatat901
info,ump2b,hallt901
info,ump3b,hohnb901
info,temp,64
info,winddir,tocf
info,windspeed,10
info,fieldcond,unknown
info,precip,none
info,sky,night
info,timeofgame,211
info,attendance,36550
info,wp,estes001
info,lp,farnk001
info,save,
id,SFN199906200
info,visteam,CHN
info,hometeam,SFN
info,date,1999/06/20
info,site,SFO02
info,number,0
info,starttime,1:07PM
info,daynight,day
info,usedh,false
info,umphome,tatat901
info,ump1b,hallt901
info,ump2b,hohnb901
info,ump3b,schrp901
info,temp,68
info,winddir,torf
info,windspeed,14
info,fieldcond,unknown
info,precip,none
info,sky,night
info,timeofgame,224
info,attendance,53245
info,wp,embra001
info,lp,aguir001
info,save,
id,SFN199906210
info,visteam,MIL
info,hometeam,SFN
info,date,1999/06/21
info,site,SFO02
info,number,0
info,starttime,7:07PM
info,daynight,night
info,usedh,false
info,umphome,ripps901
info,ump1b,poncl901
info,ump2b,darlg901
info,ump3b,mealj901
info,temp,60
info,winddir,torf
info,windspeed,12
info,fieldcond,unknown
info,precip,none
info,sky,night
info,timeofgame,180
info,attendance,11667
info,wp,nomoh001
info,lp,gardm001
info,save,
id,SFN199906220
info,visteam,MIL
info,hometeam,SFN
info,date,1999/06/22
info,site,SFO02
info,number,0
info,starttime,1:06PM
info,daynight,day
info,usedh,false
info,umphome,poncl901
info,ump1b,darlg901
info,ump2b,mealj901
info,ump3b,ripps901
info,temp,72
info,winddir,tocf
info,windspeed,10
info,fieldcond,unknown
info,precip,none
info,sky,sunny
info,timeofgame,172
info,attendance,10662
info,wp,karls001
info,lp,ruetk001
info,save,
id,SFN199906230
info,visteam,MIL
info,hometeam,SFN
info,date,1999/06/23
info,site,SFO02
info,number,0
info,starttime,12:38PM
info,daynight,day
info,usedh,false
info,umphome,darlg901
info,ump1b,mealj901
info,ump2b,ripps901
info,ump3b,poncl901
info,temp,68
info,winddir,torf
info,windspeed,10
info,fieldcond,unknown
info,precip,none
info,sky,sunny
info,timeofgame,200
info,attendance,14478
info,wp,woods001
info,lp,ortir001
info,save,wickb001
id,SFN199906250
info,visteam,LAN
info,hometeam,SFN
info,date,1999/06/25
info,site,SFO02
info,number,0
info,starttime,7:35PM
info,daynight,night
info,usedh,false
info,umphome,holbs901
info,ump1b,demud901
info,ump2b,relic901
info,ump3b,kellj901
info,temp,60
info,winddir,rtol
info,windspeed,5
info,fieldcond,unknown
info,precip,none
info,sky,night
info,timeofgame,165
info,attendance,36849
info,wp,browk001
info,lp,estes001
info,save,shawj001
id,SFN199906260
info,visteam,LAN
info,hometeam,SFN
info,date,1999/06/26
info,site,SFO02
info,number,0
info,starttime,1:05PM
info,daynight,day
info,usedh,false
info,umphome,demud901
info,ump1b,relic901
info,ump2b,kellj901
info,ump3b,holbs901
info,temp,66
info,winddir,tocf
info,windspeed,10
info,fieldcond,unknown
info,precip,none
info,sky,night
info,timeofgame,202
info,attendance,44766
info,wp,milla001
info,lp,nen-r001
info,save,shawj001
id,SFN199906270
info,visteam,LAN
info,hometeam,SFN
info,date,1999/06/27
info,site,SFO02
info,number,0
info,starttime,5:05PM
info,daynight,night
info,usedh,false
info,umphome,relic901
info,ump1b,kellj901
info,ump2b,holbs901
info,ump3b,demud901
info,temp,75
info,winddir,tolf
info,windspeed,20
info,fieldcond,unknown
info,precip,none
info,sky,night
info,timeofgame,216
info,attendance,42530
info,wp,gardm001
info,lp,parkc002
info,save,nen-r001
id,SFN199906290
info,visteam,COL
info,hometeam,SFN
info,date,1999/06/29
info,site,SFO02
info,number,0
info,starttime,7:05PM
info,daynight,night
info,usedh,false
info,umphome,kellj901
info,ump1b,holbs901
info,ump2b,demud901
info,ump3b,relic901
info,temp,67
info,winddir,torf
info,windspeed,18
info,fieldcond,unknown
info,precip,none
info,sky,night
info,timeofgame,130
info,attendance,11490
info,wp,ruetk001
info,lp,joneb004
info,save,
id,SFN199906300
info,visteam,COL
info,hometeam,SFN
info,date,1999/06/30
info,site,SFO02
info,number,0
info,starttime,7:35PM
info,daynight,night
info,usedh,false
info,umphome,holbs901
info,ump1b,demud901
info,ump2b,relic901
info,ump3b,kellj901
info,temp,66
info,winddir,tolf
info,windspeed,17
info,fieldcond,unknown
info,precip,none
info,sky,night
info,timeofgame,191
info,attendance,24825
info,wp,ortir001
info,lp,bohab001
info,save,nen-r001
id,SFN199907010
info,visteam,COL
info,hometeam,SFN
info,date,1999/07/01
info,site,SFO02
info,number,0
info,starttime,12:35PM
info,daynight,day
info,usedh,false
info,umphome,demud901
info,ump1b,relic901
info,ump2b,kellj901
info,ump3b,holbs901
info,temp,70
info,winddir,torf
info,windspeed,12
info,fieldcond,unknown
info,precip,none
info,sky,night
info,timeofgame,167
info,attendance,23172
info,wp,estes001
info,lp,kiled001
info,save,
id,SFN199907090
info,visteam,SLN
info,hometeam,SFN
info,date,1999/07/09
info,site,SFO02
info,number,0
info,starttime,7:35PM
info,daynight,night
info,usedh,false
info,umphome,wintm901
info,ump1b,davib902
info,ump2b,monte901
info,ump3b,danlk901
info,temp,58
info,winddir,tocf
info,windspeed,25
info,fieldcond,unknown
info,precip,none
info,sky,cloudy
info,timeofgame,237
info,attendance,30802
info,wp,rodrf002
info,lp,aybam001
info,save,
id,SFN199907100
info,visteam,SLN
info,hometeam,SFN
info,date,1999/07/10
info,site,SFO02
info,number,0
info,starttime,1:05PM
info,daynight,day
info,usedh,false
info,umphome,davib902
info,ump1b,monte901
info,ump2b,danlk901
info,ump3b,wintm901
info,temp,65
info,winddir,tocf
info,windspeed,12
info,fieldcond,unknown
info,precip,none
info,sky,sunny
info,timeofgame,158
info,attendance,46043
info,wp,ortir001
info,lp,jimej001
info,save,johnj006
id,SFN199907110
info,visteam,SLN
info,hometeam,SFN
info,date,1999/07/11
info,site,SFO02
info,number,0
info,starttime,1:05PM
info,daynight,day
info,usedh,false
info,umphome,monte901
info,ump1b,danlk901
info,ump2b,wintm901
info,ump3b,davib902
info,temp,73
info,winddir,tocf
info,windspeed,10
info,fieldcond,unknown
info,precip,none
info,sky,night
info,timeofgame,195
info,attendance,50435
info,wp,bottk001
info,lp,gardm001
info,save,bottr001
id,SFN199907210
info,visteam,SDN
info,hometeam,SFN
info,date,1999/07/21
info,site,SFO02
info,number,0
info,starttime,7:05PM
info,daynight,night
info,usedh,false
info,umphome,gormb901
info,ump1b,grege901
info,ump2b,crawj901
info,ump3b,nauep901
info,temp,63
info,winddir,ltor
info,windspeed,15
info,fieldcond,unknown
info,precip,none
info,sky,night
info,timeofgame,215
info,attendance,19616
info,wp,ortir001
info,lp,hitcs001
info,save,
id,SFN199907220
info,visteam,SDN
info,hometeam,SFN
info,date,1999/07/22
info,site,SFO02
info,number,0
info,starttime,1:05PM
info,daynight,day
info,usedh,false
info,umphome,grege901
info,ump1b,crawj901
info,ump2b,nauep901
info,ump3b,gormb901
info,temp,64
info,winddir,ltor
info,windspeed,15
info,fieldcond,unknown
info,precip,none
info,sky,night
info,timeofgame,191
info,attendance,22455
info,wp,willw001
info,lp,ruetk001
info,save,hofft001
id,SFN199907230
info,visteam,CIN
info,hometeam,SFN
info,date,1999/07/23
info,site,SFO02
info,number,0
info,starttime,7:35PM
info,daynight,night
info,usedh,false
info,umphome,danlk901
info,ump1b,wintm901
info,ump2b,davib902
info,ump3b,monte901
info,temp,59
info,winddir,ltor
info,windspeed,15
info,fieldcond,unknown
info,precip,none
info,sky,cloudy
info,timeofgame,204
info,attendance,23100
info,wp,spraj001
info,lp,sulls001
info,save,nen-r001
id,SFN199907240
info,visteam,CIN
info,hometeam,SFN
info,date,1999/07/24
info,site,SFO02
info,number,0
info,starttime,1:05PM
info,daynight,day
info,usedh,false
info,umphome,wintm901
info,ump1b,davib902
info,ump2b,monte901
info,ump3b,danlk901
info,temp,64
info,winddir,tocf
info,windspeed,14
info,fieldcond,unknown
info,precip,none
info,sky,cloudy
info,timeofgame,211
info,attendance,32118
info,wp,wills002
info,lp,nen-r001
info,save,gravd001
id,SFN199907250
info,visteam,CIN
info,hometeam,SFN
info,date,1999/07/25
info,site,SFO02
info,number,0
info,starttime,1:05PM
info,daynight,day
info,usedh,false
info,umphome,davib902
info,ump1b,monte901
info,ump2b,danlk901
info,ump3b,wintm901
info,temp,64
info,winddir,torf
info,windspeed,12
info,fieldcond,unknown
info,precip,none
info,sky,cloudy
info,timeofgame,255
info,attendance,34452
info,wp,belis001
info,lp,nen-r001
info,save,
id,SFN199907260
info,visteam,SLN
info,hometeam,SFN
info,date,1999/07/26
info,site,SFO02
info,number,0
info,starttime,7:05PM
info,daynight,night
info,usedh,false
info,umphome,pullf901
info,ump1b,willc901
info,ump2b,bonig901
info,ump3b,rapue901
info,temp,60
info,winddir,torf
info,windspeed,14
info,fieldcond,unknown
info,precip,unknown
info,sky,unknown
info,timeofgame,240
info,attendance,35936
info,wp,rodrf002
info,lp,sloch001
info,save,nen-r001
id,SFN199907270
info,visteam,SLN
info,hometeam,SFN
info,date,1999/07/27
info,site,SFO02
info,number,0
info,starttime,1:05PM
info,daynight,day
info,usedh,false
info,umphome,willc901
info,ump1b,bonig901
info,ump2b,rapue901
info,ump3b,pullf901
info,temp,61
info,winddir,ltor
info,windspeed,15
info,fieldcond,unknown
info,precip,none
info,sky,cloudy
info,timeofgame,134
info,attendance,26338
info,wp,ruetk001
info,lp,bottk001
info,save,johnj006
id,SFN199907280
info,visteam,SLN
info,hometeam,SFN
info,date,1999/07/28
info,site,SFO02
info,number,0
info,starttime,12:35PM
info,daynight,day
info,usedh,false
info,umphome,bonig901
info,ump1b,rapue901
info,ump2b,pullf901
info,ump3b,willc901
info,temp,62
info,winddir,tocf
info,windspeed,8
info,fieldcond,unknown
info,precip,none
info,sky,cloudy
info,timeofgame,165
info,attendance,38740
info,wp,olivd001
info,lp,hernl003
info,save,bottr001
id,SFN199908130
info,visteam,NYN
info,hometeam,SFN
info,date,1999/08/13
info,site,SFO02
info,number,0
info,starttime,7:35PM
info,daynight,night
info,usedh,false
info,umphome,monte901
info,ump1b,wintm901
info,ump2b,davib902
info,ump3b,danlk901
info,temp,62
info,winddir,tocf
info,windspeed,20
info,fieldcond,unknown
info,precip,none
info,sky,night
info,timeofgame,174
info,attendance,25533
info,wp,ortir001
info,lp,yoshm001
info,save,nen-r001
id,SFN199908140
info,visteam,NYN
info,hometeam,SFN
info,date,1999/08/14
info,site,SFO02
info,number,0
info,starttime,1:05PM
info,daynight,day
info,usedh,false
info,umphome,wintm901
info,ump1b,davib902
info,ump2b,danlk901
info,ump3b,monte901
info,temp,65
info,winddir,torf
info,windspeed,22
info,fieldcond,unknown
info,precip,none
info,sky,night
info,timeofgame,196
info,attendance,57853
info,wp,herso001
info,lp,ruetk001
info,save,
id,SFN199908150
info,visteam,NYN
info,hometeam,SFN
info,date,1999/08/15
info,site,SFO02
info,number,0
info,starttime,1:05PM
info,daynight,day
info,usedh,false
info,umphome,davib902
info,ump1b,danlk901
info,ump2b,monte901
info,ump3b,wintm901
info,temp,67
info,winddir,tocf
info,windspeed,10
info,fieldcond,unknown
info,precip,none
info,sky,sunny
info,timeofgame,189
info,attendance,41530
info,wp,rogek001
info,lp,hernl003
info,save,
id,SFN199908160
info,visteam,MON
info,hometeam,SFN
info,date,1999/08/16
info,site,SFO02
info,number,0
info,starttime,7:05PM
info,daynight,night
info,usedh,false
info,umphome,davig901
info,ump1b,laynj901
info,ump2b,drecb901
info,ump3b,riekr901
info,temp,62
info,winddir,tocf
info,windspeed,20
info,fieldcond,unknown
info,precip,none
info,sky,night
info,timeofgame,185
info,attendance,13299
info,wp,nathj001
info,lp,armat002
info,save,nen-r001
id,SFN199908170
info,visteam,MON
info,hometeam,SFN
info,date,1999/08/17
info,site,SFO02
info,number,0
info,starttime,1:05PM
info,daynight,day
info,usedh,false
info,umphome,laynj901
info,ump1b,drecb901
info,ump2b,riekr901
info,ump3b,davig901
info,temp,65
info,winddir,torf
info,windspeed,15
info,fieldcond,unknown
info,precip,none
info,sky,night
info,timeofgame,209
info,attendance,13865
info,wp,smitd006
info,lp,johnj006
info,save,urbiu001
id,SFN199908180
info,visteam,MON
info,hometeam,SFN
info,date,1999/08/18
info,site,SFO02
info,number,0
info,starttime,12:35PM
info,daynight,day
info,usedh,false
info,umphome,drecb901
info,ump1b,riekr901
info,ump2b,davig901
info,ump3b,laynj901
info,temp,61
info,winddir,rtol
info,windspeed,5
info,fieldcond,unknown
info,precip,none
info,sky,cloudy
info,timeofgame,163
info,attendance,14358
info,wp,ortir001
info,lp,vazqj001
info,save,nen-r001
id,SFN199908270
info,visteam,PIT
info,hometeam,SFN
info,date,1999/08/27
info,site,SFO02
info,number,0
info,starttime,7:35PM
info,daynight,night
info,usedh,false
info,umphome,schrp901
info,ump1b,tatat901
info,ump2b,kulpr901
info,ump3b,hallt901
info,temp,64
info,winddir,tocf
info,windspeed,18
info,fieldcond,unknown
info,precip,none
info,sky,cloudy
info,timeofgame,188
info,attendance,16390
info,wp,schmj001
info,lp,nathj001
info,save,willm005
id,SFN199908280
info,visteam,PIT
info,hometeam,SFN
info,date,1999/08/28
info,site,SFO02
info,number,0
info,starttime,1:05PM
info,daynight,day
info,usedh,false
info,umphome,tatat901
info,ump1b,kulpr901
info,ump2b,hallt901
info,ump3b,schrp901
info,temp,67
info,winddir,torf
info,windspeed,10
info,fieldcond,unknown
info,precip,none
info,sky,night
info,timeofgame,159
info,attendance,32783
info,wp,gardm001
info,lp,cordf001
info,save,
id,SFN199908290
info,visteam,PIT
info,hometeam,SFN
info,date,1999/08/29
info,site,SFO02
info,number,0
info,starttime,1:05PM
info,daynight,day
info,usedh,false
info,umphome,kulpr901
info,ump1b,hallt901
info,ump2b,schrp901
info,ump3b,tatat901
info,temp,66
info,winddir,tocf
info,windspeed,12
info,fieldcond,unknown
info,precip,none
info,sky,cloudy
info,timeofgame,159
info,attendance,34020
info,wp,estes001
info,lp,bensk001
info,save,nen-r001
id,SFN199908300
info,visteam,PHI
info,hometeam,SFN
info,date,1999/08/30
info,site,SFO02
info,number,0
info,starttime,7:05PM
info,daynight,night
info,usedh,false
info,umphome,marqa901
info,ump1b,gormb901
info,ump2b,nauep901
info,ump3b,cuzzp901
info,temp,64
info,winddir,tocf
info,windspeed,25
info,fieldcond,unknown
info,precip,none
info,sky,night
info,timeofgame,188
info,attendance,13193
info,wp,rodrr004
info,lp,brewb001
info,save,
id,SFN199908310
info,visteam,PHI
info,hometeam,SFN
info,date,1999/08/31
info,site,SFO02
info,number,0
info,starttime,7:05PM
info,daynight,night
info,usedh,false
info,umphome,gormb901
info,ump1b,nauep901
info,ump2b,cuzzp901
info,ump3b,marqa901
info,temp,64
info,winddir,torf
info,windspeed,18
info,fieldcond,unknown
info,precip,none
info,sky,night
info,timeofgame,165
info,attendance,13106
info,wp,ruetk001
info,lp,wolfr001
info,save,
id,SFN199909010
info,visteam,PHI
info,hometeam,SFN
info,date,1999/09/01
info,site,SFO02
info,number,0
info,starttime,1:05PM
info,daynight,day
info,usedh,false
info,umphome,nauep901
info,ump1b,cuzzp901
info,ump2b,marqa901
info,ump3b,gormb901
info,temp,67
info,winddir,ltor
info,windspeed,10
info,fieldcond,unknown
info,precip,none
info,sky,night
info,timeofgame,230
info,attendance,11156
info,wp,rodrr004
info,lp,gomew001
info,save,
id,SFN199909020
info,visteam,PHI
info,hometeam,SFN
info,date,1999/09/02
info,site,SFO02
info,number,0
info,starttime,12:35PM
info,daynight,day
info,usedh,false
info,umphome,cuzzp901
info,ump1b,marqa901
info,ump2b,gormb901
info,ump3b,wolfj901
info,temp,70
info,winddir,torf
info,windspeed,10
info,fieldcond,unknown
info,precip,none
info,sky,sunny
info,timeofgame,151
info,attendance,12299
info,wp,nathj001
info,lp,grahj001
info,save,nen-r001
id,SFN199909100
info,visteam,ATL
info,hometeam,SFN
info,date,1999/09/10
info,site,SFO02
info,number,0
info,starttime,7:35PM
info,daynight,night
info,usedh,false
info,umphome,rapue901
info,ump1b,cookr901
info,ump2b,willc901
info,ump3b,gibsg901
info,temp,63
info,winddir,torf
info,windspeed,15
info,fieldcond,unknown
info,precip,none
info,sky,cloudy
info,timeofgame,184
info,attendance,23150
info,wp,remlm001
info,lp,ortir001
info,save,rockj001
id,SFN199909110
info,visteam,ATL
info,hometeam,SFN
info,date,1999/09/11
info,site,SFO02
info,number,0
info,starttime,1:05PM
info,daynight,day
info,usedh,false
info,umphome,cookr901
info,ump1b,willc901
info,ump2b,gibsg901
info,ump3b,rapue901
info,temp,66
info,winddir,torf
info,windspeed,18
info,fieldcond,unknown
info,precip,none
info,sky,night
info,timeofgame,146
info,attendance,35981
info,wp,ruetk001
info,lp,glavt001
info,save,nen-r001
id,SFN199909120
info,visteam,ATL
info,hometeam,SFN
info,date,1999/09/12
info,site,SFO02
info,number,0
info,starttime,1:05PM
info,daynight,day
info,usedh,false
info,umphome,willc901
info,ump1b,gibsg901
info,ump2b,rapue901
info,ump3b,cookr901
info,temp,66
info,winddir,ltor
info,windspeed,10
info,fieldcond,unknown
info,precip,none
info,sky,sunny
info,timeofgame,173
info,attendance,44402
info,wp,nathj001
info,lp,maddg002
info,save,
id,SFN199909140
info,visteam,FLO
info,hometeam,SFN
info,date,1999/09/14
info,site,SFO02
info,number,0
info,starttime,7:05PM
info,daynight,night
info,usedh,false
info,umphome,carlm901
info,ump1b,wolfj901
info,ump2b,marsr901
info,ump3b,buckc901
info,temp,60
info,winddir,torf
info,windspeed,14
info,fieldcond,unknown
info,precip,none
info,sky,cloudy
info,timeofgame,127
info,attendance,16335
info,wp,estes001
info,lp,dempr002
info,save,
id,SFN199909150
info,visteam,FLO
info,hometeam,SFN
info,date,1999/09/15
info,site,SFO02
info,number,0
info,starttime,7:05PM
info,daynight,night
info,usedh,false
info,umphome,wolfj901
info,ump1b,marsr901
info,ump2b,buckc901
info,ump3b,carlm901
info,temp,57
info,winddir,tocf
info,windspeed,18
info,fieldcond,unknown
info,precip,unknown
info,sky,unknown
info,timeofgame,143
info,attendance,11996
info,wp,ortir001
info,lp,sprid001
info,save,nen-r001
id,SFN199909160
info,visteam,FLO
info,hometeam,SFN
info,date,1999/09/16
info,site,SFO02
info,number,0
info,starttime,1:05PM
info,daynight,day
info,usedh,false
info,umphome,marsr901
info,ump1b,buckc901
info,ump2b,carlm901
info,ump3b,wolfj901
info,temp,68
info,winddir,fromlf
info,windspeed,5
info,fieldcond,unknown
info,precip,none
info,sky,sunny
info,timeofgame,166
info,attendance,14095
info,wp,patrb001
info,lp,nunev001
info,save,nen-r001
id,SFN199909240
info,visteam,ARI
info,hometeam,SFN
info,date,1999/09/24
info,site,SFO02
info,number,0
info,starttime,7:35PM
info,daynight,night
info,usedh,false
info,umphome,gormb901
info,ump1b,cuzzp901
info,ump2b,crawj901
info,ump3b,marqa901
info,temp,57
info,winddir,tolf
info,windspeed,16
info,fieldcond,unknown
info,precip,none
info,sky,cloudy
info,timeofgame,174
info,attendance,48149
info,wp,johnr005
info,lp,estes001
info,save,
id,SFN199909250
info,visteam,ARI
info,hometeam,SFN
info,date,1999/09/25
info,site,SFO02
info,number,0
info,starttime,1:05PM
info,daynight,day
info,usedh,false
info,umphome,cuzzp901
info,ump1b,crawj901
info,ump2b,marqa901
info,ump3b,gormb901
info,temp,67
info,winddir,fromcf
info,windspeed,7
info,fieldcond,unknown
info,precip,none
info,sky,sunny
info,timeofgame,189
info,attendance,40096
info,wp,olsog001
info,lp,nen-r001
info,save,
id,SFN199909260
info,visteam,ARI
info,hometeam,SFN
info,date,1999/09/26
info,site,SFO02
info,number,0
info,starttime,1:05PM
info,daynight,day
info,usedh,false
info,umphome,crawj901
info,ump1b,marqa901
info,ump2b,gormb901
info,ump3b,cuzzp901
info,temp,74
info,winddir,torf
info,windspeed,10
info,fieldcond,unknown
info,precip,none
info,sky,night
info,timeofgame,172
info,attendance,40567
info,wp,daalo001
info,lp,ruetk001
info,save,
id,SFN199909280
info,visteam,LAN
info,hometeam,SFN
info,date,1999/09/28
info,site,SFO02
info,number,0
info,starttime,7:05PM
info,daynight,night
info,usedh,false
info,umphome,hudsm901
info,ump1b,relic901
info,ump2b,kulpr901
info,ump3b,demud901
info,temp,76
info,winddir,tocf
info,windspeed,13
info,fieldcond,unknown
info,precip,none
info,sky,night
info,timeofgame,188
info,attendance,34786
info,wp,parkc002
info,lp,nathj001
info,save,
id,SFN199909290
info,visteam,LAN
info,hometeam,SFN
info,date,1999/09/29
info,site,SFO02
info,number,0
info,starttime,7:35PM
info,daynight,night
info,usedh,false
info,umphome,relic901
info,ump1b,kulpr901
info,ump2b,demud901
info,ump3b,hudsm901
info,temp,74
info,winddir,torf
info,windspeed,15
info,fieldcond,unknown
info,precip,none
info,sky,night
info,timeofgame,178
info,attendance,47343
info,wp,hernl003
info,lp,browk001
info,save,patrb001
id,SLN199905250
info,visteam,SFN
info,hometeam,SLN
info,date,1999/05/25
info,site,STL09
info,number,0
info,starttime,7:10PM
info,daynight,night
info,usedh,false
info,umphome,poncl901
info,ump1b,mealj901
info,ump2b,ripps901
info,ump3b,darlg901
info,temp,75
info,winddir,tocf
info,windspeed,13
info,fieldcond,unknown
info,precip,none
info,sky,cloudy
info,timeofgame,178
info,attendance,45029
info,wp,brocc001
info,lp,jimej001
info,save,
id,SLN199905260
info,visteam,SFN
info,hometeam,SLN
info,date,1999/05/26
info,site,STL09
info,number,0
info,starttime,6:38PM
info,daynight,night
info,usedh,false
info,umphome,mealj901
info,ump1b,ripps901
info,ump2b,darlg901
info,ump3b,poncl901
info,temp,75
info,winddir,torf
info,windspeed,7
info,fieldcond,unknown
info,precip,none
info,sky,cloudy
info,timeofgame,164
info,attendance,36143
info,wp,ruetk001
info,lp,bottk001
info,save,nen-r001
id,SLN199905270
info,visteam,SFN
info,hometeam,SLN
info,date,1999/05/27
info,site,STL09
info,number,0
info,starttime,12:44PM
info,daynight,day
info,usedh,false
info,umphome,ripps901
info,ump1b,darlg901
info,ump2b,poncl901
info,ump3b,mealj901
info,temp,79
info,winddir,fromcf
info,windspeed,7
info,fieldcond,unknown
info,precip,none
info,sky,sunny
info,timeofgame,248
info,attendance,47829
info,wp,sloch001
info,lp,spraj001
info,save,
id,TEX199907180
info,visteam,SFN
info,hometeam,TEX
info,date,1999/07/18
info,site,ARL02
info,number,0
info,starttime,7:05PM
info,daynight,night
info,usedh,true
info,umphome,fordd901
info,ump1b,coope901
info,ump2b,merrd901
info,ump3b,johnm901
info,temp,95
info,winddir,rtol
info,windspeed,7
info,fieldcond,unknown
info,precip,none
info,sky,cloudy
info,timeofgame,168
info,attendance,41746
info,wp,morgm001
info,lp,gardm001
info,save,wettj001
id,TEX199907190
info,visteam,SFN
info,hometeam,TEX
info,date,1999/07/19
info,site,ARL02
info,number,0
info,starttime,7:35PM
info,daynight,night
info,usedh,true
info,umphome,garcr901
info,ump1b,dimum901
info,ump2b,reilm901
info,ump3b,onorb901
info,temp,91
info,winddir,rtol
info,windspeed,10
info,fieldcond,unknown
info,precip,none
info,sky,cloudy
info,timeofgame,196
info,attendance,40976
info,wp,loaie001
info,lp,brocc001
info,save,
id,TEX199907200
info,visteam,SFN
info,hometeam,TEX
info,date,1999/07/20
info,site,ARL02
info,number,0
info,starttime,7:35PM
info,daynight,night
info,usedh,true
info,umphome,dimum901
info,ump1b,reilm901
info,ump2b,onorb901
info,ump3b,garcr901
info,temp,89
info,winddir,ltor
info,windspeed,10
info,fieldcond,unknown
info,precip,none
info,sky,cloudy
info,timeofgame,174
info,attendance,33922
info,wp,hellr001
info,lp,estes001
info,save,
